INSERT INTO warehouse.customers (customer_id, name, address)
VALUES
    ('9ae35800-5fdf-4932-a713-251f49e11012', 'Desmet NV', 'Patrickdreef 445, 5488, Vaux-Chavanne, Belgium'),
    ('8ac74130-ccab-463d-ab9b-0d8e77c8c180', 'Degroote, Hendrickx en De Smet CV', 'Dianasingel 4, 5024, Putte, Belgium'),
    ('6daccd17-2ccc-42f9-bf4e-c1adf8af588d', 'Smet CV', 'Stevensteeg 17, 7052, Hoboken, Belgium'),
    ('34ffb3b3-a146-4d42-8284-95c57929a942', 'Van Assche-De Clerck BV', 'Loresingel 63, 1953 Ivoz-Ramet, Belgium'),
    ('6123abd6-da12-4751-b7f7-bc4c915c652c', 'Van den Eynde CommV', 'Paulboulevard 2, 1225, Kortenaken, Belgium'),
    ('c7947cb8-aa40-4c65-8887-a8b30b6ed97a', 'Verhaegen CommV', 'Jarnestraat 071, 3875, Melle, Belgium'),
    ('b58b3e35-7823-4896-831d-423b2a96715e', 'Hanssens VOF', 'Marthesteeg 41, 2992 Warnant, Belgium'),
    ('b02e1bea-6054-4668-adfb-f40faff67cb9', 'Hoste-Van Damme VOF', 'Simonesteeg 398, 7298 Thisnes, Belgium'),
    ('dedee2a7-03fa-45e3-9979-49559d4d32af', 'De Baere, Houben en Van den Broeck CV', 'Thomasring 73, 4375 Nessonvaux, Belgium'),
    ('9c7d4f4f-395d-48c2-aba9-f720d570278b', 'Theunis, Stevens en Vandaele BV', 'Joséering 3, 6682, Zele, Belgium'),
    ('493d4a4c-5461-455e-8b0c-824e6013fbaa', 'Decock-Deceuninck NV', 'Alfonssingel 8, 8095 Ham, Belgium'),
    ('9ab92ac8-6ac2-4274-8393-fa63b7ad9e8c', 'Van Loock, Adriaensen en Jacobs CommV', 'Hendrikring 724, 2742, Malmedy, Belgium'),
    ('6c041fc4-212d-4d3b-908e-ea8ec53040cd', 'Dierckx-Buelens CommV', 'Lizestraat 85, 1036 Puurs, Belgium'),
    ('e519fb39-9874-40cc-bb8b-a3779a05e4a3', 'Geudens CommV', 'Peterhof 5, 9552, Hoogstade, Belgium'),
    ('ab8f4d4d-2e13-4241-abfa-f76177bb5584', 'Moerman-Goossens CV', 'Moniqueweg 39, 9915 Muno, Belgium'),
    ('47b11ea0-f53b-42bf-b8bc-b9eb16a6649d', 'Michiels, Smet en Jacobs CV', 'Catherinebaan 0, 3352 Onnezies, Belgium'),
    ('650cdf31-8443-42ee-a32d-2a7561abdc29', 'Braem-Verbeke CV', 'Roospad 2, 4051 Outrelouxhe, Belgium'),
    ('d4d61aa3-b914-44ce-8e7e-9547f6d15137', 'Vercammen, Verelst en Van Gorp NV', 'Nicolaspad 47, 7589 Tavigny, Belgium'),
    ('8f8c36a3-92ec-408a-bb3e-e10a7f982dbf', 'Swinnen CV', 'Maximlaan 41, 6584 Haasdonk, Belgium'),
    ('a479c29c-8258-4f4b-a3a1-83ddc0fee322', 'Demeyer-Aerts NV', 'Robboulevard 518, 8957, Sint-Martens-Lierde, Belgium'),
    ('07721f48-10e2-41e0-81e0-efc503940aa3', 'Smeets, Michiels en Van Loon NV', 'Raymondweg 6, 1390 Guigoven, Belgium'),
    ('da6fac74-d018-4de1-9770-2afe74839b19', 'Cools, Van Acker en De Baets BV', 'Rebeccabaan 851, 5839, Verviers, Belgium'),
    ('5dca94e8-6eb0-41c8-ab44-08920afd8bff', 'De Wilde-Dekeyser NV', 'Jürgenring 53, 9406, Petegem-aan-de-Leie, Belgium'),
    ('91a48ea6-795c-4301-a13a-15d1600606e3', 'Vermeulen, Mortier en Liekens CV', 'Luciapad 753, 8451, Rumst, Belgium'),
    ('850af623-daba-4507-b7eb-173b2800008a', 'Desmet CV', 'Mauriceweg 96, 3002, Saint-André, Belgium'),
    ('7cf56eca-24c3-4317-936a-dd5c779dac74', 'Vos, Poppe en Peeters CV', 'Florisboulevard 8, 6129 Nossegem, Belgium'),
    ('f300d3d6-bc84-4464-b17d-e406bf93676a', 'Mertens-Peeters VOF', 'Raymondsingel 21, 3271 Howardries, Belgium'),
    ('a00d3064-821e-40e4-bb82-4bf533ece567', 'Swinnen-Jansen CommV', 'Lucsingel 07, 5972 Teuven, Belgium'),
    ('e4db652f-59b9-410c-8958-d372f2c4c225', 'Janssens, Thijs en Van Assche VOF', 'Stevendreef 6, 4560, Lantin, Belgium'),
    ('7706f822-0895-420c-b0b4-b80f57b954e3', 'Simons-Hendrickx CV', 'Stephanlaan 8, 2190, Libin, Belgium'),
    ('d17bcdf9-6397-49aa-887e-a8c174db1888', 'Geeraerts NV', 'Charlotteboulevard 96, 5737 Mater, Belgium'),
    ('71aa9c0b-a461-4691-b7bc-12683853f23d', 'Willems-Swennen VOF', 'Oliviapad 20, 1597, Tintange, Belgium'),
    ('7cc5e394-836c-48a0-8a74-54af17d55942', 'Geens, Bogaert en Meeus VOF', 'Jacquelinepad 78, 6653 Meerdonk, Belgium'),
    ('7e47d0b0-a8e3-4663-8faa-4160e921f25a', 'Christiaens NV', 'Pietersteeg 85, 7970, Flamierge, Belgium'),
    ('3e174ed6-0a93-48e6-bd9f-fffd2eaa8445', 'Cox-Beernaert NV', 'Nancyweg 6, 6782 Nerem, Belgium'),
    ('552364b7-3d9c-4fc1-94be-6f35b7af489e', 'Maes CommV', 'Jeanninedreef 419, 1647 Meeuwen, Belgium'),
    ('de4b3432-84a3-49b3-8e41-0f0f01008a40', 'Houben, Wuyts en Jacobs NV', 'Josephlei 5, 4164 Izel, Belgium'),
    ('9abda302-6903-4045-9f37-89a498f38147', 'Beeckman, Boeckx en Van den Broeck BV', 'Kevinstraat 1, 4168 Onnezies, Belgium'),
    ('000d172e-c2d8-48f9-994d-3f5d3061aef9', 'Bogaerts CommV', 'Nicolassteeg 1, 2560 Seneffe, Belgium'),
    ('d9ad30c3-b128-48ba-9080-4c230dcc20d8', 'Baeten-De Smedt BV', 'Patrickdreef 003, 1648, Tinlot, Belgium'),
    ('c53a0f40-994d-4df1-a05c-da6d042e52a5', 'De Smet, Van Driessche en Mortier BV', 'Johansteeg 872, 6546 Rumes, Belgium'),
    ('2397a45e-57a5-46ab-98fe-8a5514bc7946', 'Maes, Van Roy en Bekaert VOF', 'Leonpad 20, 4548 Oeren, Belgium'),
    ('a51c7c9a-efae-4e5b-b90e-48885ae2bfde', 'Bauwens-Poppe NV', 'Reinhildesteeg 9, 6764 Orgeo, Belgium'),
    ('0eab0663-254f-4b7c-bae9-2656c59c517d', 'Verbist BV', 'Ellenstraat 569, 6056, Eke, Belgium'),
    ('0dd4192a-b736-46e3-8889-0913aa52cad3', 'Van Acker-Vercauteren CV', 'Marielaan 838, 1315 Roselies, Belgium'),
    ('7e480bdb-7eea-4a36-a1fc-9a259af9e9b6', 'Van Hoof, Geens en Vranckx NV', 'Rafweg 2, 4047, Meeuwen, Belgium'),
    ('66647c3a-16c1-47de-acc4-805209d7d850', 'Huybrechts, Faes en Lenaerts CommV', 'Liamdreef 503, 7933 Toernich, Belgium'),
    ('9f90035f-a5b0-425e-bd77-7d9b01425679', 'Verbruggen-Schepers BV', 'Laurensboulevard 1, 3442, Alsemberg, Belgium'),
    ('8e1446f4-15b3-40e2-b43a-527b2bbabadf', 'Van Praet VOF', 'Sylvieboulevard 2, 1922, Wange, Belgium'),
    ('d8479ef4-aa49-407e-9d88-c97bc9748c18', 'Claes BV', 'Nadinebaan 28, 6604 Hever, Belgium'),
    ('57792c79-cf27-4569-9fea-bebacf97c937', 'Demeulenaere-Vinck VOF', 'Annabaan 799, 8741, Ploegsteert, Belgium'),
    ('9e32a9fd-bb3d-4ba5-818a-3e34db1ecabb', 'Callens NV', 'Ingridsteeg 13, 1882, Dikkebus, Belgium'),
    ('47c660f4-750f-4131-a693-e4e0b7214e4b', 'Lemmens, Van Damme en Renders CV', 'Kristofdreef 40, 1457, Olen, Belgium'),
    ('1647c9cd-b511-41af-b89c-74c078455991', 'De Schryver-Steyaert CV', 'Bensingel 468, 5011 Lasne-Chapelle-Saint-Lambert, Belgium'),
    ('ae20408f-2efd-4553-aca4-4c0ddecdddde', 'De Backer-De Laet NV', 'Rogerweg 97, 7541, Farciennes, Belgium'),
    ('af1e51ac-4c1c-4b7e-83e9-c260a8492d5b', 'Declerck-Beeckman VOF', 'Stijnlaan 89, 7554, Sint-Huibrechts-Hern, Belgium'),
    ('4275d880-cee8-409d-a527-282bec12137a', 'Maes-De Wit BV', 'Hannedreef 969, 5779 Estaimpuis, Belgium'),
    ('9d74d51c-6da7-448d-b6df-37a7a905b26c', 'Timmermans BV', 'Martinlei 6, 6638 Neu-Moresnet, Belgium'),
    ('6425faf2-4afb-4611-a6ef-c020987b266d', 'Hoste-Aerts VOF', 'Raniring 3, 8473 Morialmé, Belgium'),
    ('b7713f0b-868a-43fb-8194-01509c36b366', 'Broeckx CommV', 'Margothof 088, 4144, Linkebeek, Belgium'),
    ('751ea50a-4bff-4635-beab-0948e0aad19c', 'Decoster-Van Dyck VOF', 'Davidsteeg 877, 2515, Fooz, Belgium'),
    ('24d4cd68-ef3d-4670-899e-580f05efe863', 'Nys, Verheyen en Callebaut VOF', 'Eliselaan 955, 4054, Ciply, Belgium'),
    ('c0e1980b-79c0-446a-a1e4-09b5a8376b0e', 'Vandeputte CV', 'Marliespad 3, 6621 Peissant, Belgium'),
    ('2b90002e-6fa5-4285-9758-399891bb9093', 'Nijs-Hendrickx CV', 'Antoniusweg 918, 5367, Oostende, Belgium'),
    ('f5c2039d-e8fb-47a0-a4b7-aeb3fc042c90', 'François-Jans BV', 'Ankelaan 07, 7684 Beuzet, Belgium'),
    ('3d55ba2f-64d6-43bf-b218-576da4517238', 'Voet-Degroote CommV', 'Noëlsteeg 06, 6350 Jeuk, Belgium'),
    ('adec6f44-7c44-4d93-8081-2ab8ae4d81ba', 'Tielemans-Vaes CommV', 'Nancysteeg 42, 2259, Rumes, Belgium'),
    ('e817eea3-4106-4804-8a3b-2684211a72ed', 'Segers-Blondeel BV', 'Norabaan 3, 4508, Wancennes, Belgium'),
    ('022c1e0a-b5f3-4631-8a48-f05efe791fa9', 'Vanneste, Vos en Van Baelen CommV', 'Cindystraat 434, 9657, Outer, Belgium'),
    ('8f4c4b5a-930f-46ea-827a-a7bc2b901cea', 'Vervoort BV', 'Kristasteeg 96, 9326, Uitbergen, Belgium'),
    ('5f305c6b-e753-400e-8720-155fb63808c7', 'Van der Linden-Pauwels VOF', 'Lisetteweg 5, 5401 Rixensart, Belgium'),
    ('7eb92e36-cf48-4d31-ba90-fbbdc0ffd93b', 'Hermans-Wouters BV', 'Liezeweg 967, 7720 Ohain, Belgium'),
    ('9b3136d5-dbb5-40ed-8dc5-decc77f0bb5b', 'Moens CommV', 'Lousteeg 8, 6934, Tielt-Winge, Belgium'),
    ('e16791f6-33e2-4be8-991a-ec264d9001a8', 'De Laet-Mees BV', 'Philippestraat 010, 6317, Oisquercq, Belgium'),
    ('fcaac333-25e5-460a-8918-73c07b548f9a', 'Vanneste NV', 'Suzannering 6, 2242 Laplaigne, Belgium'),
    ('c5af1d34-e196-43c4-859f-40e2ce0b0ebf', 'Depoorter CommV', 'Nadiaring 2, 1710 Gooik, Belgium'),
    ('d71af46f-1591-4f08-97b6-84e1664b6e08', 'Jacobs CommV', 'Kristofdreef 6, 8237 Vertrijk, Belgium'),
    ('000f2bf2-2cc2-44fe-879d-9c48472ae199', 'Verdonck, Jacobs en De Wit CV', 'Patrickstraat 0, 2720 Dave, Belgium'),
    ('f6825635-5353-46b1-b2ab-3483b15a2c21', 'Moreels CV', 'Dietersteeg 2, 3538, Othée, Belgium'),
    ('db5771d6-890e-453a-be2f-7a450d20db70', 'Beernaert VOF', 'Karinhof 9, 5748, Mullem, Belgium'),
    ('ff51ad89-8d35-4207-97e4-e7f31510e529', 'Mertens BV', 'Annaboulevard 17, 8916 Hoevenen, Belgium'),
    ('f63848a1-4c26-4047-8917-54a71b92b600', 'De Pauw, Jacobs en De Wilde CommV', 'Raymondbaan 466, 8554 Mont, Belgium'),
    ('92342ecd-e05b-4b67-b5dc-ca5b953a6809', 'Verstappen, Mertens en Segers VOF', 'Dirkhof 4, 9623, Neigem, Belgium'),
    ('1b3fa1f5-318d-4c92-a523-81d3977dbff4', 'Geens, Nijs en De Bruyne CV', 'Marleenhof 6, 6159 Geluveld, Belgium'),
    ('0a6ac80c-4c79-4711-a7d5-a5cf61a463b9', 'Verhaeghe CV', 'Simonpad 77, 8454 Bellegem, Belgium'),
    ('52924cc1-db72-46f0-8599-9bacc38b8017', 'De Wulf-Verlinden VOF', 'Jadesteeg 6, 9914, Bouwel, Belgium'),
    ('d9f69c50-c600-42c0-a166-2bc5c7a76883', 'Depoorter-De Schutter VOF', 'Willypad 384, 1588, Pironchamps, Belgium'),
    ('1774d521-ba4c-4dec-9145-1838349e5952', 'Verheyen CommV', 'Louislei 949, 2168 Neerhespen, Belgium'),
    ('7c3728d0-dced-4ab8-8e6d-95991ed67d71', 'Peeters BV', 'Carlosring 057, 8089, Melkwezer, Belgium'),
    ('81f8e5e9-444f-4df1-82d6-a83350f097dc', 'Rogiers, Vandeputte en Cornelis BV', 'Oliviersingel 6, 9381 Robechies, Belgium'),
    ('4093484d-f23c-4701-86a0-6188158c6319', 'Verheyden, Holvoet en Vaes NV', 'Claudiaboulevard 318, 6823 Chimay, Belgium'),
    ('cf9624c1-3bf9-4f74-a004-e6d9675e794f', 'Vermeulen, Hermans en Wuyts BV', 'Hansstraat 7, 9695, Leuze-en-Hainaut, Belgium'),
    ('5f900a18-15c5-4307-a9ca-5f4e0c2bc486', 'Bogaerts VOF', 'Anniering 4, 5881 Hoeleden, Belgium'),
    ('3124203c-17d7-4b28-b6ac-12fa5ff63802', 'Verbruggen-Cools BV', 'Ludoboulevard 912, 6580, Bras, Belgium'),
    ('b71caab4-b67e-4bdb-a479-2537d6546595', 'Claes-Timmermans CommV', 'Daisypad 3, 3691 Huise, Belgium'),
    ('d7e6c085-4373-4345-a112-724b98a37809', 'De Vuyst-Vandevelde CommV', 'Veerlesingel 93, 8406 Esen, Belgium'),
    ('821448bf-ade1-421d-b949-28429f6d1d89', 'Lauwers, Verdonck en Deprez BV', 'Ingelaan 587, 4174 Achêne, Belgium'),
    ('48effd09-92a8-4c1e-b9d3-cffdb5287d5e', 'Verheyen-Van Hecke BV', 'Samiralei 451, 8534, Edegem, Belgium'),
    ('dcfb0871-a499-4c42-a7bb-f4f21730e437', 'Verhaegen VOF', 'Mireillesteeg 60, 6431, Hautrage, Belgium'),
    ('95c1efe6-6cf3-4eda-8215-b55c0eab2571', 'Everaert, Somers en Claes BV', 'Anlaan 031, 7350 Houthulst, Belgium');


INSERT INTO warehouse.materials (material_id, name, description)
VALUES
    ('59c1088e-df7d-4a6e-be9d-352d1d50ec44', 'Gips', 'Gips is een zacht sulfaatmineraal bestaande uit calciumsulfaatdihydraat. Het wordt vaak gebruikt in de bouwsector voor de productie van gips, gipsplaat en cement. Gips wordt in de landbouw ook gebruikt als bodemverbeteraar en meststof.'),
    ('258d0d5a-932b-45f5-99bb-9816cf20ec40', 'Ijzererts', 'IJzererts is een natuurlijk voorkomend mineraal waaruit ijzer wordt gewonnen. Het is een cruciale grondstof bij de productie van staal, dat op grote schaal wordt gebruikt in de bouw-, productie- en transportindustrie. Veel voorkomende soorten ijzererts zijn hematiet en magnetiet.'),
    ('242ad88b-3c9e-4f59-a93e-3e87a99ad5e5', 'Cement', 'Cement is een bindmiddel dat in de bouw wordt gebruikt en dat uithardt en aan andere materialen hecht om ze samen te binden. Het is een belangrijk ingrediënt in beton, mortel en stucwerk. Portlandcement, gemaakt van kalksteen en klei, is het meest voorkomende type.'),
    ('d69ee9e8-2755-490f-a11f-4e16bc0d8cf4', 'Petcode', 'Petcoke is een koolstofrijk vast materiaal afkomstig van olieraffinage. Vanwege de hoge calorische waarde wordt het gebruikt als brandstof bij energieopwekking, cementovens en andere industriële processen. Petcoke wordt ook gebruikt bij de productie van elektroden voor de aluminium- en staalindustrie. '),
    ('408ccae0-c49d-4535-b608-09e3931a7831', 'Slak', 'Slak is een bijproduct van het smeltproces dat wordt gebruikt om metalen uit hun ertsen te produceren. Het wordt in de bouw gebruikt als aggregaat in beton, in de wegenbouw en als grondstof bij de cementproductie. Slak helpt de duurzaamheid en sterkte van beton te verbeteren.');

INSERT INTO warehouse.warehouses (warehouse_id, owner_customer_id, material_material_id, max_capacity, current_capacity)
VALUES
    ('68f1065a-b725-4325-97b2-9bdebea5ff42', '9ae35800-5fdf-4932-a713-251f49e11012', '59c1088e-df7d-4a6e-be9d-352d1d50ec44', 500, 36),
    ('d59c1266-c5e9-45cb-9213-655e90bbdf60', '9ae35800-5fdf-4932-a713-251f49e11012', '258d0d5a-932b-45f5-99bb-9816cf20ec40', 500, 479),
    ('94e2d927-e28b-4b48-9e60-d309537e19a5', '9ae35800-5fdf-4932-a713-251f49e11012', '242ad88b-3c9e-4f59-a93e-3e87a99ad5e5', 500, 481),
    ('3813bd7b-77ac-49d0-956d-86aa7dadf4a9', '9ae35800-5fdf-4932-a713-251f49e11012', 'd69ee9e8-2755-490f-a11f-4e16bc0d8cf4', 500, 105),
    ('ce644ba2-b0fd-4927-aca1-073c1b03ac77', '9ae35800-5fdf-4932-a713-251f49e11012', '408ccae0-c49d-4535-b608-09e3931a7831', 500, 244),
    ('de44bc8d-6ce0-4ca3-a48c-5e8f24add034', '8ac74130-ccab-463d-ab9b-0d8e77c8c180', '59c1088e-df7d-4a6e-be9d-352d1d50ec44', 500, 150),
    ('9323865f-e83e-4e20-9436-6a3691584a1b', '8ac74130-ccab-463d-ab9b-0d8e77c8c180', '258d0d5a-932b-45f5-99bb-9816cf20ec40', 500, 131),
    ('6856e7e4-dca1-4192-8b57-2869c5dc2498', '8ac74130-ccab-463d-ab9b-0d8e77c8c180', '242ad88b-3c9e-4f59-a93e-3e87a99ad5e5', 500, 310),
    ('4d742018-0be1-48ae-af4f-b20203b6a6fb', '8ac74130-ccab-463d-ab9b-0d8e77c8c180', 'd69ee9e8-2755-490f-a11f-4e16bc0d8cf4', 500, 361),
    ('64452aa2-91eb-4977-a5d1-4a01dcc18623', '8ac74130-ccab-463d-ab9b-0d8e77c8c180', '408ccae0-c49d-4535-b608-09e3931a7831', 500, 361),
    ('bd913e46-4dfc-4402-9cce-0840f269a511', '6daccd17-2ccc-42f9-bf4e-c1adf8af588d', '59c1088e-df7d-4a6e-be9d-352d1d50ec44', 500, 376),
    ('1c309115-e941-48bb-9035-d2347301ebb0', '6daccd17-2ccc-42f9-bf4e-c1adf8af588d', '258d0d5a-932b-45f5-99bb-9816cf20ec40', 500, 425),
    ('8cca54dd-a7d8-47fe-a43a-cae0026badf8', '6daccd17-2ccc-42f9-bf4e-c1adf8af588d', '242ad88b-3c9e-4f59-a93e-3e87a99ad5e5', 500, 85),
    ('bfb7683c-75e4-4a19-afcb-5bb6d5ffd937', '6daccd17-2ccc-42f9-bf4e-c1adf8af588d', 'd69ee9e8-2755-490f-a11f-4e16bc0d8cf4', 500, 339),
    ('294fbe9b-701c-4a18-a1a8-f705303d4b89', '6daccd17-2ccc-42f9-bf4e-c1adf8af588d', '408ccae0-c49d-4535-b608-09e3931a7831', 500, 401),
    ('00ebc778-6bef-4a5e-b952-ca83b362a0df', '34ffb3b3-a146-4d42-8284-95c57929a942', '59c1088e-df7d-4a6e-be9d-352d1d50ec44', 500, 423),
    ('0fd12088-f7f3-42c1-8c2a-96eaf96794c3', '34ffb3b3-a146-4d42-8284-95c57929a942', '258d0d5a-932b-45f5-99bb-9816cf20ec40', 500, 435),
    ('eecb03c1-b4a6-4b45-a905-f2ee01817c19', '34ffb3b3-a146-4d42-8284-95c57929a942', '242ad88b-3c9e-4f59-a93e-3e87a99ad5e5', 500, 214),
    ('d4dad19b-215f-4e06-9908-7abaaa7085ec', '34ffb3b3-a146-4d42-8284-95c57929a942', 'd69ee9e8-2755-490f-a11f-4e16bc0d8cf4', 500, 404),
    ('e50753ad-0501-4b82-a8a9-15804d4f8ac9', '34ffb3b3-a146-4d42-8284-95c57929a942', '408ccae0-c49d-4535-b608-09e3931a7831', 500, 47),
    ('9501b0ec-1f6a-4dc8-abf6-da6fb55d977e', '6123abd6-da12-4751-b7f7-bc4c915c652c', '59c1088e-df7d-4a6e-be9d-352d1d50ec44', 500, 146),
    ('8735aa35-e312-480b-9e47-225fb940bb82', '6123abd6-da12-4751-b7f7-bc4c915c652c', '258d0d5a-932b-45f5-99bb-9816cf20ec40', 500, 374),
    ('da58da3f-c89f-4cdc-a375-afe0ea172bf1', '6123abd6-da12-4751-b7f7-bc4c915c652c', '242ad88b-3c9e-4f59-a93e-3e87a99ad5e5', 500, 293),
    ('2ddbcbf2-da4e-40f5-8632-94c966e4a4ef', '6123abd6-da12-4751-b7f7-bc4c915c652c', 'd69ee9e8-2755-490f-a11f-4e16bc0d8cf4', 500, 42),
    ('87c842f9-8a49-4929-90e9-b786ba6e5761', '6123abd6-da12-4751-b7f7-bc4c915c652c', '408ccae0-c49d-4535-b608-09e3931a7831', 500, 109),
    ('c8b69a26-dfd8-4b4d-b4ae-2e16e7d3995f', 'c7947cb8-aa40-4c65-8887-a8b30b6ed97a', '59c1088e-df7d-4a6e-be9d-352d1d50ec44', 500, 152),
    ('5696b6b0-282e-4034-a926-6ad01fd910b4', 'c7947cb8-aa40-4c65-8887-a8b30b6ed97a', '258d0d5a-932b-45f5-99bb-9816cf20ec40', 500, 121),
    ('10051238-4825-4c62-adb1-bad524e7461c', 'c7947cb8-aa40-4c65-8887-a8b30b6ed97a', '242ad88b-3c9e-4f59-a93e-3e87a99ad5e5', 500, 227),
    ('4e27fd70-8bfa-4569-bd6d-a7a55049b430', 'c7947cb8-aa40-4c65-8887-a8b30b6ed97a', 'd69ee9e8-2755-490f-a11f-4e16bc0d8cf4', 500, 64),
    ('7962bbd2-df6c-45ea-b522-de93392d8edd', 'c7947cb8-aa40-4c65-8887-a8b30b6ed97a', '408ccae0-c49d-4535-b608-09e3931a7831', 500, 30),
    ('ca62f1e8-4c27-4689-b1af-9998d69bad9e', 'b58b3e35-7823-4896-831d-423b2a96715e', '59c1088e-df7d-4a6e-be9d-352d1d50ec44', 500, 446),
    ('ec7983c5-dc08-4a9b-b8de-bb16de023014', 'b58b3e35-7823-4896-831d-423b2a96715e', '258d0d5a-932b-45f5-99bb-9816cf20ec40', 500, 366),
    ('97ce6252-c2fe-4fcb-bce7-e3579f9d147a', 'b58b3e35-7823-4896-831d-423b2a96715e', '242ad88b-3c9e-4f59-a93e-3e87a99ad5e5', 500, 83),
    ('d2cbc7a3-6df0-434c-9452-0e31098f8539', 'b58b3e35-7823-4896-831d-423b2a96715e', 'd69ee9e8-2755-490f-a11f-4e16bc0d8cf4', 500, 361),
    ('9e5660b2-ea21-435d-8776-e463668add26', 'b58b3e35-7823-4896-831d-423b2a96715e', '408ccae0-c49d-4535-b608-09e3931a7831', 500, 101),
    ('19e6ad29-e486-40b9-a492-9453a51b2d56', 'b02e1bea-6054-4668-adfb-f40faff67cb9', '59c1088e-df7d-4a6e-be9d-352d1d50ec44', 500, 177),
    ('fb978b25-af14-419b-b3e2-5f4519e955e3', 'b02e1bea-6054-4668-adfb-f40faff67cb9', '258d0d5a-932b-45f5-99bb-9816cf20ec40', 500, 311),
    ('c355e712-d2fd-4476-8b20-2132986ae0fd', 'b02e1bea-6054-4668-adfb-f40faff67cb9', '242ad88b-3c9e-4f59-a93e-3e87a99ad5e5', 500, 59),
    ('fcc6f27d-37eb-4b10-86da-b40a037199db', 'b02e1bea-6054-4668-adfb-f40faff67cb9', 'd69ee9e8-2755-490f-a11f-4e16bc0d8cf4', 500, 394),
    ('e70aca45-dead-4efc-90c6-5942283b4ded', 'b02e1bea-6054-4668-adfb-f40faff67cb9', '408ccae0-c49d-4535-b608-09e3931a7831', 500, 282),
    ('1359de1a-3e93-4247-b063-598cd82fcc5f', 'dedee2a7-03fa-45e3-9979-49559d4d32af', '59c1088e-df7d-4a6e-be9d-352d1d50ec44', 500, 266),
    ('0a53bd8b-38d2-490c-b605-5a2b42b63c25', 'dedee2a7-03fa-45e3-9979-49559d4d32af', '258d0d5a-932b-45f5-99bb-9816cf20ec40', 500, 339),
    ('8c6b6894-f2a0-429e-bb86-32c439724ecc', 'dedee2a7-03fa-45e3-9979-49559d4d32af', '242ad88b-3c9e-4f59-a93e-3e87a99ad5e5', 500, 488),
    ('c1520ed3-7a26-4ed6-884e-2d7fcacdaa5e', 'dedee2a7-03fa-45e3-9979-49559d4d32af', 'd69ee9e8-2755-490f-a11f-4e16bc0d8cf4', 500, 93),
    ('97555ef1-fcc7-4e76-866a-0858d32cd3ce', 'dedee2a7-03fa-45e3-9979-49559d4d32af', '408ccae0-c49d-4535-b608-09e3931a7831', 500, 18),
    ('173c7b26-0856-4c5c-af9e-7a41538a5734', '9c7d4f4f-395d-48c2-aba9-f720d570278b', '59c1088e-df7d-4a6e-be9d-352d1d50ec44', 500, 289),
    ('1572ac61-c577-4630-848b-3b64061af51c', '9c7d4f4f-395d-48c2-aba9-f720d570278b', '258d0d5a-932b-45f5-99bb-9816cf20ec40', 500, 171),
    ('824f5fc2-8689-4bbf-8f1c-c3d9335297ab', '9c7d4f4f-395d-48c2-aba9-f720d570278b', '242ad88b-3c9e-4f59-a93e-3e87a99ad5e5', 500, 72),
    ('76b400b9-d2cb-4f57-ab32-20f561ec9885', '9c7d4f4f-395d-48c2-aba9-f720d570278b', 'd69ee9e8-2755-490f-a11f-4e16bc0d8cf4', 500, 274),
    ('8b97e8a4-aa03-407e-8acc-8443f029e3d5', '9c7d4f4f-395d-48c2-aba9-f720d570278b', '408ccae0-c49d-4535-b608-09e3931a7831', 500, 259),
    ('820986dc-b06c-4ad3-af9c-c7c36bc5482a', '493d4a4c-5461-455e-8b0c-824e6013fbaa', '59c1088e-df7d-4a6e-be9d-352d1d50ec44', 500, 356),
    ('31d16afb-ea78-475e-907c-d1194534249e', '493d4a4c-5461-455e-8b0c-824e6013fbaa', '258d0d5a-932b-45f5-99bb-9816cf20ec40', 500, 53),
    ('9acb3857-4625-4f98-b130-7c226a25858e', '493d4a4c-5461-455e-8b0c-824e6013fbaa', '242ad88b-3c9e-4f59-a93e-3e87a99ad5e5', 500, 463),
    ('a96e2cce-485a-4842-a4f5-12dd8a086637', '493d4a4c-5461-455e-8b0c-824e6013fbaa', 'd69ee9e8-2755-490f-a11f-4e16bc0d8cf4', 500, 88),
    ('39d44f65-eea8-4d82-8399-e4c0887d7284', '493d4a4c-5461-455e-8b0c-824e6013fbaa', '408ccae0-c49d-4535-b608-09e3931a7831', 500, 418),
    ('e597eaea-6700-4841-8229-b70e11b26576', '9ab92ac8-6ac2-4274-8393-fa63b7ad9e8c', '59c1088e-df7d-4a6e-be9d-352d1d50ec44', 500, 460),
    ('347aa591-e768-42a6-90dc-e8dc748b9fc0', '9ab92ac8-6ac2-4274-8393-fa63b7ad9e8c', '258d0d5a-932b-45f5-99bb-9816cf20ec40', 500, 239),
    ('003cae9b-5e44-4a56-8907-46749c5bda35', '9ab92ac8-6ac2-4274-8393-fa63b7ad9e8c', '242ad88b-3c9e-4f59-a93e-3e87a99ad5e5', 500, 92),
    ('6c293060-ec92-4631-958b-fb760fa98c4f', '9ab92ac8-6ac2-4274-8393-fa63b7ad9e8c', 'd69ee9e8-2755-490f-a11f-4e16bc0d8cf4', 500, 227),
    ('5a7b69a6-5825-4d03-8744-c3af686476e2', '9ab92ac8-6ac2-4274-8393-fa63b7ad9e8c', '408ccae0-c49d-4535-b608-09e3931a7831', 500, 258),
    ('96cbea3d-02c1-4dc1-b0fc-9e6f48a7b78f', '6c041fc4-212d-4d3b-908e-ea8ec53040cd', '59c1088e-df7d-4a6e-be9d-352d1d50ec44', 500, 297),
    ('5e198ffe-51ff-4a4f-b837-84d91a950333', '6c041fc4-212d-4d3b-908e-ea8ec53040cd', '258d0d5a-932b-45f5-99bb-9816cf20ec40', 500, 385),
    ('a6aaeb7b-8d88-479a-8425-ca9cf2d8a5f1', '6c041fc4-212d-4d3b-908e-ea8ec53040cd', '242ad88b-3c9e-4f59-a93e-3e87a99ad5e5', 500, 78),
    ('8bbb9f55-6fcb-40c9-a89e-4ef21411868b', '6c041fc4-212d-4d3b-908e-ea8ec53040cd', 'd69ee9e8-2755-490f-a11f-4e16bc0d8cf4', 500, 99),
    ('7f01c4db-8972-4c01-98d7-a89c9ce493e4', '6c041fc4-212d-4d3b-908e-ea8ec53040cd', '408ccae0-c49d-4535-b608-09e3931a7831', 500, 328),
    ('a3a32b62-c6ef-43f3-8348-c5b024a67a83', 'e519fb39-9874-40cc-bb8b-a3779a05e4a3', '59c1088e-df7d-4a6e-be9d-352d1d50ec44', 500, 134),
    ('3bf3047c-a387-4a6d-b2bd-4ee0680a24e6', 'e519fb39-9874-40cc-bb8b-a3779a05e4a3', '258d0d5a-932b-45f5-99bb-9816cf20ec40', 500, 467),
    ('92da7f1f-dacd-480f-a3b1-0afae40cc8c2', 'e519fb39-9874-40cc-bb8b-a3779a05e4a3', '242ad88b-3c9e-4f59-a93e-3e87a99ad5e5', 500, 309),
    ('a62df911-f3f3-40bb-bdfe-499c46cf4caf', 'e519fb39-9874-40cc-bb8b-a3779a05e4a3', 'd69ee9e8-2755-490f-a11f-4e16bc0d8cf4', 500, 203),
    ('1636680c-c928-4ab1-a455-627ca37675c0', 'e519fb39-9874-40cc-bb8b-a3779a05e4a3', '408ccae0-c49d-4535-b608-09e3931a7831', 500, 7),
    ('5745fcd3-2560-4086-9e33-b83e743d6dfa', 'ab8f4d4d-2e13-4241-abfa-f76177bb5584', '59c1088e-df7d-4a6e-be9d-352d1d50ec44', 500, 364),
    ('3fe6b41f-f6ab-4d58-a720-7dfb36d9bdc0', 'ab8f4d4d-2e13-4241-abfa-f76177bb5584', '258d0d5a-932b-45f5-99bb-9816cf20ec40', 500, 413),
    ('e0a93af3-60c8-432c-a5ff-f42a34f38378', 'ab8f4d4d-2e13-4241-abfa-f76177bb5584', '242ad88b-3c9e-4f59-a93e-3e87a99ad5e5', 500, 284),
    ('5cae1aec-8c70-46af-9c11-0f8ddf8416a3', 'ab8f4d4d-2e13-4241-abfa-f76177bb5584', 'd69ee9e8-2755-490f-a11f-4e16bc0d8cf4', 500, 127),
    ('06cbd407-cdd2-46e2-85d9-d922ba71d012', 'ab8f4d4d-2e13-4241-abfa-f76177bb5584', '408ccae0-c49d-4535-b608-09e3931a7831', 500, 164),
    ('a7bb40e9-6645-425d-ad11-108cdd941bc7', '47b11ea0-f53b-42bf-b8bc-b9eb16a6649d', '59c1088e-df7d-4a6e-be9d-352d1d50ec44', 500, 138),
    ('ebb7b349-3bde-4269-9296-b5753b3ff7b6', '47b11ea0-f53b-42bf-b8bc-b9eb16a6649d', '258d0d5a-932b-45f5-99bb-9816cf20ec40', 500, 53),
    ('dcc4ba72-f166-4966-9153-27c6409a3644', '47b11ea0-f53b-42bf-b8bc-b9eb16a6649d', '242ad88b-3c9e-4f59-a93e-3e87a99ad5e5', 500, 69),
    ('2223acd1-f2c6-4819-8d32-e220341bef03', '47b11ea0-f53b-42bf-b8bc-b9eb16a6649d', 'd69ee9e8-2755-490f-a11f-4e16bc0d8cf4', 500, 497),
    ('4f2fd408-189c-45ca-b81e-06aab2954368', '47b11ea0-f53b-42bf-b8bc-b9eb16a6649d', '408ccae0-c49d-4535-b608-09e3931a7831', 500, 294),
    ('9f9f917e-8abb-4806-b2d1-fd1c3f5392dd', '650cdf31-8443-42ee-a32d-2a7561abdc29', '59c1088e-df7d-4a6e-be9d-352d1d50ec44', 500, 63),
    ('f19c46ea-be93-48f8-b37b-e8a27744cc85', '650cdf31-8443-42ee-a32d-2a7561abdc29', '258d0d5a-932b-45f5-99bb-9816cf20ec40', 500, 338),
    ('f4884dc2-f740-4460-a940-47b7dc3e8b0a', '650cdf31-8443-42ee-a32d-2a7561abdc29', '242ad88b-3c9e-4f59-a93e-3e87a99ad5e5', 500, 311),
    ('f5438fbd-5adc-43b6-8500-3aa4ae323c8e', '650cdf31-8443-42ee-a32d-2a7561abdc29', 'd69ee9e8-2755-490f-a11f-4e16bc0d8cf4', 500, 130),
    ('cd4d7f90-b107-410b-8b14-277474447938', '650cdf31-8443-42ee-a32d-2a7561abdc29', '408ccae0-c49d-4535-b608-09e3931a7831', 500, 252),
    ('34047452-9de3-4a6a-85cd-6b1cff70b951', 'd4d61aa3-b914-44ce-8e7e-9547f6d15137', '59c1088e-df7d-4a6e-be9d-352d1d50ec44', 500, 42),
    ('53d05a2d-b3c9-4b6b-abe4-ffe0ea91a5e6', 'd4d61aa3-b914-44ce-8e7e-9547f6d15137', '258d0d5a-932b-45f5-99bb-9816cf20ec40', 500, 381),
    ('5ca96ddf-531b-4f6e-9274-93876e3e3617', 'd4d61aa3-b914-44ce-8e7e-9547f6d15137', '242ad88b-3c9e-4f59-a93e-3e87a99ad5e5', 500, 62),
    ('13a230fd-d944-4de3-befe-c1e720c828cb', 'd4d61aa3-b914-44ce-8e7e-9547f6d15137', 'd69ee9e8-2755-490f-a11f-4e16bc0d8cf4', 500, 41),
    ('767e382b-a54a-4dcb-b149-6e29e11a1ee6', 'd4d61aa3-b914-44ce-8e7e-9547f6d15137', '408ccae0-c49d-4535-b608-09e3931a7831', 500, 86),
    ('ba17217d-77f5-4b2a-b2d9-c969151d79bb', '8f8c36a3-92ec-408a-bb3e-e10a7f982dbf', '59c1088e-df7d-4a6e-be9d-352d1d50ec44', 500, 20),
    ('5f2a2b05-de74-4c48-8922-959ec713ffb7', '8f8c36a3-92ec-408a-bb3e-e10a7f982dbf', '258d0d5a-932b-45f5-99bb-9816cf20ec40', 500, 438),
    ('3587bdb5-96d7-41da-862d-43826eac52c0', '8f8c36a3-92ec-408a-bb3e-e10a7f982dbf', '242ad88b-3c9e-4f59-a93e-3e87a99ad5e5', 500, 499),
    ('f870d441-4b7f-4be7-a918-f262f58bc8a0', '8f8c36a3-92ec-408a-bb3e-e10a7f982dbf', 'd69ee9e8-2755-490f-a11f-4e16bc0d8cf4', 500, 99),
    ('7c519e32-8538-448c-9121-299edbccadd4', '8f8c36a3-92ec-408a-bb3e-e10a7f982dbf', '408ccae0-c49d-4535-b608-09e3931a7831', 500, 324),
    ('102cd12f-7b2b-490a-b4f4-371d0dcf17b7', 'a479c29c-8258-4f4b-a3a1-83ddc0fee322', '59c1088e-df7d-4a6e-be9d-352d1d50ec44', 500, 458),
    ('efd78825-b2da-40b4-b6e1-4118c5039df8', 'a479c29c-8258-4f4b-a3a1-83ddc0fee322', '258d0d5a-932b-45f5-99bb-9816cf20ec40', 500, 405),
    ('5b81dcf2-4418-4621-a57e-addd86755d88', 'a479c29c-8258-4f4b-a3a1-83ddc0fee322', '242ad88b-3c9e-4f59-a93e-3e87a99ad5e5', 500, 314),
    ('9050a578-ceb1-4035-a012-76aee08cbfaa', 'a479c29c-8258-4f4b-a3a1-83ddc0fee322', 'd69ee9e8-2755-490f-a11f-4e16bc0d8cf4', 500, 27),
    ('ec439c43-00b0-44cc-8cf6-c8a287061900', 'a479c29c-8258-4f4b-a3a1-83ddc0fee322', '408ccae0-c49d-4535-b608-09e3931a7831', 500, 155),
    ('b01ebf0b-9420-419c-aff2-ca9d4dc6c5c3', '07721f48-10e2-41e0-81e0-efc503940aa3', '59c1088e-df7d-4a6e-be9d-352d1d50ec44', 500, 121),
    ('477d970f-8201-4a5a-b730-a8571ca4fb34', '07721f48-10e2-41e0-81e0-efc503940aa3', '258d0d5a-932b-45f5-99bb-9816cf20ec40', 500, 275),
    ('c6caa62f-12e7-4d88-9481-40ecee575b74', '07721f48-10e2-41e0-81e0-efc503940aa3', '242ad88b-3c9e-4f59-a93e-3e87a99ad5e5', 500, 300),
    ('56b290b2-9b7b-4005-b571-ca5fc8ed012c', '07721f48-10e2-41e0-81e0-efc503940aa3', 'd69ee9e8-2755-490f-a11f-4e16bc0d8cf4', 500, 316),
    ('058611e1-0666-47fe-af01-4b00a0c5d157', '07721f48-10e2-41e0-81e0-efc503940aa3', '408ccae0-c49d-4535-b608-09e3931a7831', 500, 439),
    ('2283995f-94a7-4c10-9465-04197da8a22e', 'da6fac74-d018-4de1-9770-2afe74839b19', '59c1088e-df7d-4a6e-be9d-352d1d50ec44', 500, 11),
    ('de01c5ee-47c8-4ad9-90bb-64b920fd9313', 'da6fac74-d018-4de1-9770-2afe74839b19', '258d0d5a-932b-45f5-99bb-9816cf20ec40', 500, 274),
    ('a2f4df6a-be4d-46ef-931a-2d1acb32d098', 'da6fac74-d018-4de1-9770-2afe74839b19', '242ad88b-3c9e-4f59-a93e-3e87a99ad5e5', 500, 196),
    ('20f0d5f7-a658-402d-9bf0-d20fa0d919b0', 'da6fac74-d018-4de1-9770-2afe74839b19', 'd69ee9e8-2755-490f-a11f-4e16bc0d8cf4', 500, 219),
    ('04aaa14a-9eec-453f-b7ef-70dfab3e7265', 'da6fac74-d018-4de1-9770-2afe74839b19', '408ccae0-c49d-4535-b608-09e3931a7831', 500, 146),
    ('55d46ec3-8f15-4ceb-b7db-3078383c3c04', '5dca94e8-6eb0-41c8-ab44-08920afd8bff', '59c1088e-df7d-4a6e-be9d-352d1d50ec44', 500, 128),
    ('5017d6f8-04ec-45e3-bfa1-37c5c21a97be', '5dca94e8-6eb0-41c8-ab44-08920afd8bff', '258d0d5a-932b-45f5-99bb-9816cf20ec40', 500, 192),
    ('d0cd979f-e5be-4aca-b361-169809b008b0', '5dca94e8-6eb0-41c8-ab44-08920afd8bff', '242ad88b-3c9e-4f59-a93e-3e87a99ad5e5', 500, 168),
    ('9de58468-d2eb-417b-877f-f1a9e567193b', '5dca94e8-6eb0-41c8-ab44-08920afd8bff', 'd69ee9e8-2755-490f-a11f-4e16bc0d8cf4', 500, 223),
    ('04be6495-707a-42ce-90b4-5d07cd6a4612', '5dca94e8-6eb0-41c8-ab44-08920afd8bff', '408ccae0-c49d-4535-b608-09e3931a7831', 500, 111),
    ('4b02e0b1-866e-4809-93c0-72adbf5ee4ea', '91a48ea6-795c-4301-a13a-15d1600606e3', '59c1088e-df7d-4a6e-be9d-352d1d50ec44', 500, 78),
    ('af1955a8-ef13-4718-a244-c63a8dea9e22', '91a48ea6-795c-4301-a13a-15d1600606e3', '258d0d5a-932b-45f5-99bb-9816cf20ec40', 500, 320),
    ('fae5cd81-e476-447a-906a-94e61f0c6741', '91a48ea6-795c-4301-a13a-15d1600606e3', '242ad88b-3c9e-4f59-a93e-3e87a99ad5e5', 500, 64),
    ('702504c9-5487-423c-a1ff-57a4c8142ad9', '91a48ea6-795c-4301-a13a-15d1600606e3', 'd69ee9e8-2755-490f-a11f-4e16bc0d8cf4', 500, 395),
    ('20b2298e-a5f9-44ed-9f47-b081a3e054a5', '91a48ea6-795c-4301-a13a-15d1600606e3', '408ccae0-c49d-4535-b608-09e3931a7831', 500, 176),
    ('97ce39ab-cb68-4526-b1ff-abfdca97e89f', '850af623-daba-4507-b7eb-173b2800008a', '59c1088e-df7d-4a6e-be9d-352d1d50ec44', 500, 453),
    ('703b90e5-9e83-4797-9d54-e34b617717c1', '850af623-daba-4507-b7eb-173b2800008a', '258d0d5a-932b-45f5-99bb-9816cf20ec40', 500, 242),
    ('decbc298-9004-4ee6-b20b-13d468588259', '850af623-daba-4507-b7eb-173b2800008a', '242ad88b-3c9e-4f59-a93e-3e87a99ad5e5', 500, 20),
    ('d45e4af6-9d20-4bca-8165-ce3fd4129639', '850af623-daba-4507-b7eb-173b2800008a', 'd69ee9e8-2755-490f-a11f-4e16bc0d8cf4', 500, 172),
    ('f9a348cd-86fe-438d-958d-878097206807', '850af623-daba-4507-b7eb-173b2800008a', '408ccae0-c49d-4535-b608-09e3931a7831', 500, 305),
    ('ced218c6-f46e-4116-b3fb-feb077e37fff', '7cf56eca-24c3-4317-936a-dd5c779dac74', '59c1088e-df7d-4a6e-be9d-352d1d50ec44', 500, 111),
    ('5967c65d-6212-4029-bba4-c09b697be99d', '7cf56eca-24c3-4317-936a-dd5c779dac74', '258d0d5a-932b-45f5-99bb-9816cf20ec40', 500, 83),
    ('1c911ebb-b993-4d39-bfb1-0e9def5f9f4c', '7cf56eca-24c3-4317-936a-dd5c779dac74', '242ad88b-3c9e-4f59-a93e-3e87a99ad5e5', 500, 281),
    ('22650221-e2a8-47ff-a838-4b530cc8d9be', '7cf56eca-24c3-4317-936a-dd5c779dac74', 'd69ee9e8-2755-490f-a11f-4e16bc0d8cf4', 500, 283),
    ('fcf93a5f-571e-41ff-adea-30c51b5ea2c5', '7cf56eca-24c3-4317-936a-dd5c779dac74', '408ccae0-c49d-4535-b608-09e3931a7831', 500, 90),
    ('9f0a109b-c59a-440e-a48e-f0079ad15101', 'f300d3d6-bc84-4464-b17d-e406bf93676a', '59c1088e-df7d-4a6e-be9d-352d1d50ec44', 500, 234),
    ('f5e70a5a-82ac-43dc-81cb-41d26be30b16', 'f300d3d6-bc84-4464-b17d-e406bf93676a', '258d0d5a-932b-45f5-99bb-9816cf20ec40', 500, 57),
    ('9bba33a5-7b47-4ee6-a18e-a24b1392c968', 'f300d3d6-bc84-4464-b17d-e406bf93676a', '242ad88b-3c9e-4f59-a93e-3e87a99ad5e5', 500, 127),
    ('1e8475c8-2d13-4f70-8405-b57dd6fe01be', 'f300d3d6-bc84-4464-b17d-e406bf93676a', 'd69ee9e8-2755-490f-a11f-4e16bc0d8cf4', 500, 205),
    ('afb33216-dbb7-4450-a93e-68380f3e75f3', 'f300d3d6-bc84-4464-b17d-e406bf93676a', '408ccae0-c49d-4535-b608-09e3931a7831', 500, 283),
    ('22421d83-8feb-4311-a316-c1abe804011b', 'a00d3064-821e-40e4-bb82-4bf533ece567', '59c1088e-df7d-4a6e-be9d-352d1d50ec44', 500, 338),
    ('39c8918e-a7d6-4dd7-97af-d1790c4a0da6', 'a00d3064-821e-40e4-bb82-4bf533ece567', '258d0d5a-932b-45f5-99bb-9816cf20ec40', 500, 385),
    ('d6e74e06-854a-4d32-9c9b-c797220b691f', 'a00d3064-821e-40e4-bb82-4bf533ece567', '242ad88b-3c9e-4f59-a93e-3e87a99ad5e5', 500, 267),
    ('09b9d4a7-e5ec-4ac0-b177-c44db151520d', 'a00d3064-821e-40e4-bb82-4bf533ece567', 'd69ee9e8-2755-490f-a11f-4e16bc0d8cf4', 500, 266),
    ('fb050454-d103-4bd7-8dbd-f3531738cec0', 'a00d3064-821e-40e4-bb82-4bf533ece567', '408ccae0-c49d-4535-b608-09e3931a7831', 500, 385),
    ('35312c61-b883-49bd-a27a-a000013db81b', 'e4db652f-59b9-410c-8958-d372f2c4c225', '59c1088e-df7d-4a6e-be9d-352d1d50ec44', 500, 287),
    ('5b6176e6-1990-4105-9bcf-f3e98d651f28', 'e4db652f-59b9-410c-8958-d372f2c4c225', '258d0d5a-932b-45f5-99bb-9816cf20ec40', 500, 382),
    ('387ad2ba-0f26-4bd2-95af-89d1945b9a43', 'e4db652f-59b9-410c-8958-d372f2c4c225', '242ad88b-3c9e-4f59-a93e-3e87a99ad5e5', 500, 119),
    ('2eb3b9cd-d1f3-4697-b080-d6abd3016b37', 'e4db652f-59b9-410c-8958-d372f2c4c225', 'd69ee9e8-2755-490f-a11f-4e16bc0d8cf4', 500, 323),
    ('f6aa9695-4608-4980-a744-55e33366e6cc', 'e4db652f-59b9-410c-8958-d372f2c4c225', '408ccae0-c49d-4535-b608-09e3931a7831', 500, 333),
    ('095d773e-bb66-413f-b6fc-c33ff4053133', '7706f822-0895-420c-b0b4-b80f57b954e3', '59c1088e-df7d-4a6e-be9d-352d1d50ec44', 500, 343),
    ('c164ce6a-8d00-4de1-a218-c2b77c363940', '7706f822-0895-420c-b0b4-b80f57b954e3', '258d0d5a-932b-45f5-99bb-9816cf20ec40', 500, 353),
    ('89242c0d-1273-46d6-b338-700d891327d8', '7706f822-0895-420c-b0b4-b80f57b954e3', '242ad88b-3c9e-4f59-a93e-3e87a99ad5e5', 500, 22),
    ('48fead62-330e-4a1a-a573-7857b765446e', '7706f822-0895-420c-b0b4-b80f57b954e3', 'd69ee9e8-2755-490f-a11f-4e16bc0d8cf4', 500, 35),
    ('c2391098-58ec-45bd-bb87-7506aa33099c', '7706f822-0895-420c-b0b4-b80f57b954e3', '408ccae0-c49d-4535-b608-09e3931a7831', 500, 149),
    ('de53026f-d991-41d4-9628-b89d803dac06', 'd17bcdf9-6397-49aa-887e-a8c174db1888', '59c1088e-df7d-4a6e-be9d-352d1d50ec44', 500, 397),
    ('55c9f57b-1e21-4343-8cb5-f2b7c4989416', 'd17bcdf9-6397-49aa-887e-a8c174db1888', '258d0d5a-932b-45f5-99bb-9816cf20ec40', 500, 138),
    ('b7e0203c-9727-4e8a-89e4-24db6090cadf', 'd17bcdf9-6397-49aa-887e-a8c174db1888', '242ad88b-3c9e-4f59-a93e-3e87a99ad5e5', 500, 335),
    ('4b408f0e-1fbd-4473-b621-ff694c65f960', 'd17bcdf9-6397-49aa-887e-a8c174db1888', 'd69ee9e8-2755-490f-a11f-4e16bc0d8cf4', 500, 31),
    ('885e4434-b3d4-483f-a526-448df679bb9e', 'd17bcdf9-6397-49aa-887e-a8c174db1888', '408ccae0-c49d-4535-b608-09e3931a7831', 500, 76),
    ('6d0d0d12-812e-4834-b3e8-becf1f4fe5cb', '71aa9c0b-a461-4691-b7bc-12683853f23d', '59c1088e-df7d-4a6e-be9d-352d1d50ec44', 500, 191),
    ('af07dad3-26ba-4cea-9448-aa0f8d353d21', '71aa9c0b-a461-4691-b7bc-12683853f23d', '258d0d5a-932b-45f5-99bb-9816cf20ec40', 500, 368),
    ('a26fe025-e708-43c1-8963-54cbde725759', '71aa9c0b-a461-4691-b7bc-12683853f23d', '242ad88b-3c9e-4f59-a93e-3e87a99ad5e5', 500, 452),
    ('778fed00-8e8b-43b9-94fc-727f16560e52', '71aa9c0b-a461-4691-b7bc-12683853f23d', 'd69ee9e8-2755-490f-a11f-4e16bc0d8cf4', 500, 416),
    ('41f459e6-8856-4afb-89e8-1dd486f15bdf', '71aa9c0b-a461-4691-b7bc-12683853f23d', '408ccae0-c49d-4535-b608-09e3931a7831', 500, 74),
    ('1971477d-e4e9-4dd8-aa88-3f373cc4da64', '7cc5e394-836c-48a0-8a74-54af17d55942', '59c1088e-df7d-4a6e-be9d-352d1d50ec44', 500, 350),
    ('8fc075e5-eaa4-4003-9b42-0b1034f6740a', '7cc5e394-836c-48a0-8a74-54af17d55942', '258d0d5a-932b-45f5-99bb-9816cf20ec40', 500, 114),
    ('889d9021-3c4c-46a2-9b31-399439ec99d3', '7cc5e394-836c-48a0-8a74-54af17d55942', '242ad88b-3c9e-4f59-a93e-3e87a99ad5e5', 500, 445),
    ('6b3ed2f3-03ca-44c7-a188-b0525f93b72a', '7cc5e394-836c-48a0-8a74-54af17d55942', 'd69ee9e8-2755-490f-a11f-4e16bc0d8cf4', 500, 352),
    ('4b8996a3-e292-4a4d-a0d0-3f1f032e1ffc', '7cc5e394-836c-48a0-8a74-54af17d55942', '408ccae0-c49d-4535-b608-09e3931a7831', 500, 36),
    ('0d877fba-4658-46a4-b881-69a4030be3e8', '7e47d0b0-a8e3-4663-8faa-4160e921f25a', '59c1088e-df7d-4a6e-be9d-352d1d50ec44', 500, 59),
    ('aeecc326-013c-40ee-973f-028ea774ddbe', '7e47d0b0-a8e3-4663-8faa-4160e921f25a', '258d0d5a-932b-45f5-99bb-9816cf20ec40', 500, 449),
    ('e9b07ce7-25fb-4dc1-a992-ec9150181cf9', '7e47d0b0-a8e3-4663-8faa-4160e921f25a', '242ad88b-3c9e-4f59-a93e-3e87a99ad5e5', 500, 40),
    ('8f887355-267a-4078-90d1-01fa61af791c', '7e47d0b0-a8e3-4663-8faa-4160e921f25a', 'd69ee9e8-2755-490f-a11f-4e16bc0d8cf4', 500, 187),
    ('cbd01c39-10ee-40a4-94b6-06e30ac9ec83', '7e47d0b0-a8e3-4663-8faa-4160e921f25a', '408ccae0-c49d-4535-b608-09e3931a7831', 500, 173),
    ('7faba4e7-b5fd-442e-91b4-b69da9b713a3', '3e174ed6-0a93-48e6-bd9f-fffd2eaa8445', '59c1088e-df7d-4a6e-be9d-352d1d50ec44', 500, 112),
    ('0896bcf2-8668-4f66-8585-a8360c064d92', '3e174ed6-0a93-48e6-bd9f-fffd2eaa8445', '258d0d5a-932b-45f5-99bb-9816cf20ec40', 500, 259),
    ('a238ba2d-ebe0-4336-8565-b7d73405f5f5', '3e174ed6-0a93-48e6-bd9f-fffd2eaa8445', '242ad88b-3c9e-4f59-a93e-3e87a99ad5e5', 500, 427),
    ('68b888cb-70f0-4e1d-9fa4-d54b9e6e98d7', '3e174ed6-0a93-48e6-bd9f-fffd2eaa8445', 'd69ee9e8-2755-490f-a11f-4e16bc0d8cf4', 500, 414),
    ('80177cf6-b927-4fbf-9a11-6fb66155d682', '3e174ed6-0a93-48e6-bd9f-fffd2eaa8445', '408ccae0-c49d-4535-b608-09e3931a7831', 500, 310),
    ('bca1e02c-de4f-4f1b-9e17-1b9532eb9b7d', '552364b7-3d9c-4fc1-94be-6f35b7af489e', '59c1088e-df7d-4a6e-be9d-352d1d50ec44', 500, 255),
    ('1d2ac4c5-5425-406e-ac99-96a12d230763', '552364b7-3d9c-4fc1-94be-6f35b7af489e', '258d0d5a-932b-45f5-99bb-9816cf20ec40', 500, 319),
    ('0f9c5f09-969c-4d23-9799-cf2458c5c8f6', '552364b7-3d9c-4fc1-94be-6f35b7af489e', '242ad88b-3c9e-4f59-a93e-3e87a99ad5e5', 500, 127),
    ('a22699c7-6c6e-49d6-b9bc-a81a600d3362', '552364b7-3d9c-4fc1-94be-6f35b7af489e', 'd69ee9e8-2755-490f-a11f-4e16bc0d8cf4', 500, 239),
    ('de88a21a-a66e-45c8-aad9-5ec6494e6901', '552364b7-3d9c-4fc1-94be-6f35b7af489e', '408ccae0-c49d-4535-b608-09e3931a7831', 500, 194),
    ('5b4c6f93-b8d1-4b5e-9581-d662489cdd92', 'de4b3432-84a3-49b3-8e41-0f0f01008a40', '59c1088e-df7d-4a6e-be9d-352d1d50ec44', 500, 234),
    ('7844615d-3cd9-4cc6-9631-477df5ff8ec4', 'de4b3432-84a3-49b3-8e41-0f0f01008a40', '258d0d5a-932b-45f5-99bb-9816cf20ec40', 500, 375),
    ('1230f6c2-b348-4b97-a0d7-093ca9d84180', 'de4b3432-84a3-49b3-8e41-0f0f01008a40', '242ad88b-3c9e-4f59-a93e-3e87a99ad5e5', 500, 361),
    ('8b3bbf87-56c9-4aba-9032-37aa3f5b90e9', 'de4b3432-84a3-49b3-8e41-0f0f01008a40', 'd69ee9e8-2755-490f-a11f-4e16bc0d8cf4', 500, 463),
    ('ee74c524-e46b-40d0-b73c-0ba3d023ae74', 'de4b3432-84a3-49b3-8e41-0f0f01008a40', '408ccae0-c49d-4535-b608-09e3931a7831', 500, 360),
    ('0274e534-ecaa-4359-9cbe-a9f950254c0c', '9abda302-6903-4045-9f37-89a498f38147', '59c1088e-df7d-4a6e-be9d-352d1d50ec44', 500, 131),
    ('70e1835f-f35f-41e7-9d74-1ba9c3f1ab5f', '9abda302-6903-4045-9f37-89a498f38147', '258d0d5a-932b-45f5-99bb-9816cf20ec40', 500, 295),
    ('2cb1330b-1a67-4e9d-9e43-fc86651fee06', '9abda302-6903-4045-9f37-89a498f38147', '242ad88b-3c9e-4f59-a93e-3e87a99ad5e5', 500, 96),
    ('af4107d2-5f58-43aa-ba59-d48c5084364b', '9abda302-6903-4045-9f37-89a498f38147', 'd69ee9e8-2755-490f-a11f-4e16bc0d8cf4', 500, 203),
    ('cc0b3d6c-368f-4e17-9220-d83657e6a64d', '9abda302-6903-4045-9f37-89a498f38147', '408ccae0-c49d-4535-b608-09e3931a7831', 500, 301),
    ('cfc140a0-c901-4026-933f-a1a9d3b1e17c', '000d172e-c2d8-48f9-994d-3f5d3061aef9', '59c1088e-df7d-4a6e-be9d-352d1d50ec44', 500, 281),
    ('9adf3e1c-f54d-4d44-b6be-c597b09fea2e', '000d172e-c2d8-48f9-994d-3f5d3061aef9', '258d0d5a-932b-45f5-99bb-9816cf20ec40', 500, 497),
    ('0e600dcb-51ad-4232-a198-712a993618e9', '000d172e-c2d8-48f9-994d-3f5d3061aef9', '242ad88b-3c9e-4f59-a93e-3e87a99ad5e5', 500, 488),
    ('ace68865-f48f-4a92-a33f-baf0141279cd', '000d172e-c2d8-48f9-994d-3f5d3061aef9', 'd69ee9e8-2755-490f-a11f-4e16bc0d8cf4', 500, 64),
    ('95944a86-5531-4a80-9879-065a52d08e49', '000d172e-c2d8-48f9-994d-3f5d3061aef9', '408ccae0-c49d-4535-b608-09e3931a7831', 500, 470),
    ('034b02b4-6023-468a-ae14-330fcb77258f', 'd9ad30c3-b128-48ba-9080-4c230dcc20d8', '59c1088e-df7d-4a6e-be9d-352d1d50ec44', 500, 115),
    ('022afa87-ce8d-4210-b760-23db0645bf9b', 'd9ad30c3-b128-48ba-9080-4c230dcc20d8', '258d0d5a-932b-45f5-99bb-9816cf20ec40', 500, 466),
    ('72701b5f-32d0-4570-b9b7-a4c9ec360f19', 'd9ad30c3-b128-48ba-9080-4c230dcc20d8', '242ad88b-3c9e-4f59-a93e-3e87a99ad5e5', 500, 211),
    ('133a1bd1-6a15-4ce6-a892-3d1b699ef1c5', 'd9ad30c3-b128-48ba-9080-4c230dcc20d8', 'd69ee9e8-2755-490f-a11f-4e16bc0d8cf4', 500, 17),
    ('dc59578a-56ca-455f-9c6b-bbab84b95065', 'd9ad30c3-b128-48ba-9080-4c230dcc20d8', '408ccae0-c49d-4535-b608-09e3931a7831', 500, 498),
    ('6c5b73d5-2d31-4d81-b96f-354223568ab7', 'c53a0f40-994d-4df1-a05c-da6d042e52a5', '59c1088e-df7d-4a6e-be9d-352d1d50ec44', 500, 14),
    ('375c3a1a-cf74-4a6e-9007-137a4a5113c9', 'c53a0f40-994d-4df1-a05c-da6d042e52a5', '258d0d5a-932b-45f5-99bb-9816cf20ec40', 500, 368),
    ('edce6c66-473e-4a70-a5e0-4572438c3f6b', 'c53a0f40-994d-4df1-a05c-da6d042e52a5', '242ad88b-3c9e-4f59-a93e-3e87a99ad5e5', 500, 431),
    ('d6b5ac61-4c04-4bf7-9085-76b3e8a40473', 'c53a0f40-994d-4df1-a05c-da6d042e52a5', 'd69ee9e8-2755-490f-a11f-4e16bc0d8cf4', 500, 281),
    ('e0b26fe9-578d-4965-9b5e-f4d75c34b8c1', 'c53a0f40-994d-4df1-a05c-da6d042e52a5', '408ccae0-c49d-4535-b608-09e3931a7831', 500, 64),
    ('d8136e17-7fce-412d-ac75-d3379430d9b1', '2397a45e-57a5-46ab-98fe-8a5514bc7946', '59c1088e-df7d-4a6e-be9d-352d1d50ec44', 500, 322),
    ('7e36422d-910b-4fd4-a1e9-17a6a13dc720', '2397a45e-57a5-46ab-98fe-8a5514bc7946', '258d0d5a-932b-45f5-99bb-9816cf20ec40', 500, 115),
    ('47da76c7-306b-49f1-b92c-6a3caa837662', '2397a45e-57a5-46ab-98fe-8a5514bc7946', '242ad88b-3c9e-4f59-a93e-3e87a99ad5e5', 500, 459),
    ('493dd50f-43a6-445c-be3a-8e58e9661866', '2397a45e-57a5-46ab-98fe-8a5514bc7946', 'd69ee9e8-2755-490f-a11f-4e16bc0d8cf4', 500, 70),
    ('e2d769ab-6a84-4b30-89b6-4dc34fa2fc80', '2397a45e-57a5-46ab-98fe-8a5514bc7946', '408ccae0-c49d-4535-b608-09e3931a7831', 500, 72),
    ('b76d5294-bc7b-4186-9e34-639c8cddc214', 'a51c7c9a-efae-4e5b-b90e-48885ae2bfde', '59c1088e-df7d-4a6e-be9d-352d1d50ec44', 500, 123),
    ('14de873c-64fe-4710-a22c-0827f03eca42', 'a51c7c9a-efae-4e5b-b90e-48885ae2bfde', '258d0d5a-932b-45f5-99bb-9816cf20ec40', 500, 59),
    ('715e7352-689b-49ed-b8e9-e5a58d02fc8f', 'a51c7c9a-efae-4e5b-b90e-48885ae2bfde', '242ad88b-3c9e-4f59-a93e-3e87a99ad5e5', 500, 28),
    ('3449e51d-35b4-47d6-9714-8ace60417054', 'a51c7c9a-efae-4e5b-b90e-48885ae2bfde', 'd69ee9e8-2755-490f-a11f-4e16bc0d8cf4', 500, 227),
    ('cbaa946b-4425-4d44-a3bb-713105e9c3eb', 'a51c7c9a-efae-4e5b-b90e-48885ae2bfde', '408ccae0-c49d-4535-b608-09e3931a7831', 500, 43),
    ('daf1c294-4545-4343-b257-2c8317289130', '0eab0663-254f-4b7c-bae9-2656c59c517d', '59c1088e-df7d-4a6e-be9d-352d1d50ec44', 500, 424),
    ('ca5bd10b-e8d8-4569-b42a-c3ec6012bee3', '0eab0663-254f-4b7c-bae9-2656c59c517d', '258d0d5a-932b-45f5-99bb-9816cf20ec40', 500, 54),
    ('b10467c5-3e72-4048-b79b-0cb3b222e533', '0eab0663-254f-4b7c-bae9-2656c59c517d', '242ad88b-3c9e-4f59-a93e-3e87a99ad5e5', 500, 174),
    ('6d2049b9-45f5-4506-86a4-c1de4910777e', '0eab0663-254f-4b7c-bae9-2656c59c517d', 'd69ee9e8-2755-490f-a11f-4e16bc0d8cf4', 500, 163),
    ('036c5ceb-3b1f-4b89-bec7-1089bf5aa102', '0eab0663-254f-4b7c-bae9-2656c59c517d', '408ccae0-c49d-4535-b608-09e3931a7831', 500, 215),
    ('daf59df6-517a-4bd0-8f9c-797ba05ab369', '0dd4192a-b736-46e3-8889-0913aa52cad3', '59c1088e-df7d-4a6e-be9d-352d1d50ec44', 500, 8),
    ('cfadc738-29f0-4217-b8e2-0bcd702ffba6', '0dd4192a-b736-46e3-8889-0913aa52cad3', '258d0d5a-932b-45f5-99bb-9816cf20ec40', 500, 16),
    ('281b0fdf-eabf-48f0-912b-9738d1d1da80', '0dd4192a-b736-46e3-8889-0913aa52cad3', '242ad88b-3c9e-4f59-a93e-3e87a99ad5e5', 500, 342),
    ('a60d4cb4-f3d2-4b23-b78e-379f1c731612', '0dd4192a-b736-46e3-8889-0913aa52cad3', 'd69ee9e8-2755-490f-a11f-4e16bc0d8cf4', 500, 432),
    ('d1fc45e7-d296-4f4f-ba45-f2c2493a44b2', '0dd4192a-b736-46e3-8889-0913aa52cad3', '408ccae0-c49d-4535-b608-09e3931a7831', 500, 449),
    ('b32eb404-2b77-454c-9537-8af5b7749b9a', '7e480bdb-7eea-4a36-a1fc-9a259af9e9b6', '59c1088e-df7d-4a6e-be9d-352d1d50ec44', 500, 90),
    ('3f280011-ac5f-4bc8-9a4b-f58fe8841c59', '7e480bdb-7eea-4a36-a1fc-9a259af9e9b6', '258d0d5a-932b-45f5-99bb-9816cf20ec40', 500, 295),
    ('e9fc0e03-982b-45a2-b47d-1211a2bac93f', '7e480bdb-7eea-4a36-a1fc-9a259af9e9b6', '242ad88b-3c9e-4f59-a93e-3e87a99ad5e5', 500, 382),
    ('199716ea-746d-41a6-8a5c-033ef2402470', '7e480bdb-7eea-4a36-a1fc-9a259af9e9b6', 'd69ee9e8-2755-490f-a11f-4e16bc0d8cf4', 500, 100),
    ('e46a8623-ac3f-4f4c-8146-7d17f089fc00', '7e480bdb-7eea-4a36-a1fc-9a259af9e9b6', '408ccae0-c49d-4535-b608-09e3931a7831', 500, 407),
    ('d990a586-1f78-4093-9ea3-29cf2ad79a07', '66647c3a-16c1-47de-acc4-805209d7d850', '59c1088e-df7d-4a6e-be9d-352d1d50ec44', 500, 94),
    ('0b2b7efe-f2cb-4086-9c40-d926061b2bab', '66647c3a-16c1-47de-acc4-805209d7d850', '258d0d5a-932b-45f5-99bb-9816cf20ec40', 500, 90),
    ('3b53f945-3481-4173-912b-5ead1b58e0d7', '66647c3a-16c1-47de-acc4-805209d7d850', '242ad88b-3c9e-4f59-a93e-3e87a99ad5e5', 500, 349),
    ('a261296b-0a00-4461-9709-32c3ca790fbe', '66647c3a-16c1-47de-acc4-805209d7d850', 'd69ee9e8-2755-490f-a11f-4e16bc0d8cf4', 500, 244),
    ('e2b668a5-41b6-4bf6-ac6e-586952f2312e', '66647c3a-16c1-47de-acc4-805209d7d850', '408ccae0-c49d-4535-b608-09e3931a7831', 500, 385),
    ('aed63e00-d280-4ec1-880c-329b7cbce08f', '9f90035f-a5b0-425e-bd77-7d9b01425679', '59c1088e-df7d-4a6e-be9d-352d1d50ec44', 500, 268),
    ('66c50f69-c003-4211-80b0-773ab65e48c6', '9f90035f-a5b0-425e-bd77-7d9b01425679', '258d0d5a-932b-45f5-99bb-9816cf20ec40', 500, 7),
    ('3257e794-706a-4d73-8f8e-e0d6c57a43b1', '9f90035f-a5b0-425e-bd77-7d9b01425679', '242ad88b-3c9e-4f59-a93e-3e87a99ad5e5', 500, 485),
    ('f4ddf464-11c5-46e9-9b42-c974d930be51', '9f90035f-a5b0-425e-bd77-7d9b01425679', 'd69ee9e8-2755-490f-a11f-4e16bc0d8cf4', 500, 124),
    ('292d36d0-05eb-4e46-8d4b-d80c73762354', '9f90035f-a5b0-425e-bd77-7d9b01425679', '408ccae0-c49d-4535-b608-09e3931a7831', 500, 277),
    ('202ef4f6-8384-4f07-8730-ff9a4ae57ea2', '8e1446f4-15b3-40e2-b43a-527b2bbabadf', '59c1088e-df7d-4a6e-be9d-352d1d50ec44', 500, 124),
    ('ced778ce-553f-457b-987a-46bb1cbc8762', '8e1446f4-15b3-40e2-b43a-527b2bbabadf', '258d0d5a-932b-45f5-99bb-9816cf20ec40', 500, 55),
    ('0a9a776a-39ca-42cf-b0f9-d409caa885b0', '8e1446f4-15b3-40e2-b43a-527b2bbabadf', '242ad88b-3c9e-4f59-a93e-3e87a99ad5e5', 500, 255),
    ('d00919c9-564b-43cb-a018-1219c3b5d6ed', '8e1446f4-15b3-40e2-b43a-527b2bbabadf', 'd69ee9e8-2755-490f-a11f-4e16bc0d8cf4', 500, 15),
    ('542afc22-0c5d-4a0f-a331-bfb8311648c9', '8e1446f4-15b3-40e2-b43a-527b2bbabadf', '408ccae0-c49d-4535-b608-09e3931a7831', 500, 390),
    ('786ee7de-f97d-42b0-8728-2ac05eb0b41f', 'd8479ef4-aa49-407e-9d88-c97bc9748c18', '59c1088e-df7d-4a6e-be9d-352d1d50ec44', 500, 99),
    ('a34c1642-0f66-4af5-be64-3f4d578f846e', 'd8479ef4-aa49-407e-9d88-c97bc9748c18', '258d0d5a-932b-45f5-99bb-9816cf20ec40', 500, 189),
    ('0bd52ed9-be00-4f0d-b98f-072f7113c897', 'd8479ef4-aa49-407e-9d88-c97bc9748c18', '242ad88b-3c9e-4f59-a93e-3e87a99ad5e5', 500, 438),
    ('640fe315-a6c1-4497-a0f6-dbbe8b3864f2', 'd8479ef4-aa49-407e-9d88-c97bc9748c18', 'd69ee9e8-2755-490f-a11f-4e16bc0d8cf4', 500, 246),
    ('71a69317-138a-47f6-83a6-883313255da3', 'd8479ef4-aa49-407e-9d88-c97bc9748c18', '408ccae0-c49d-4535-b608-09e3931a7831', 500, 5),
    ('45bb193f-65ae-44c3-b509-5d65f848fb06', '57792c79-cf27-4569-9fea-bebacf97c937', '59c1088e-df7d-4a6e-be9d-352d1d50ec44', 500, 84),
    ('3f23bd26-df77-4680-b86d-559a776dbb75', '57792c79-cf27-4569-9fea-bebacf97c937', '258d0d5a-932b-45f5-99bb-9816cf20ec40', 500, 329),
    ('5bddcd3c-f289-4833-8b44-ab9625e0dec9', '57792c79-cf27-4569-9fea-bebacf97c937', '242ad88b-3c9e-4f59-a93e-3e87a99ad5e5', 500, 310),
    ('24976689-39ad-45fb-90c0-41c4493f9677', '57792c79-cf27-4569-9fea-bebacf97c937', 'd69ee9e8-2755-490f-a11f-4e16bc0d8cf4', 500, 256),
    ('293b4645-7054-4802-86e7-f6003171d3f2', '57792c79-cf27-4569-9fea-bebacf97c937', '408ccae0-c49d-4535-b608-09e3931a7831', 500, 398),
    ('9f06fa3d-d6bc-44b6-8d46-6d8938282143', '9e32a9fd-bb3d-4ba5-818a-3e34db1ecabb', '59c1088e-df7d-4a6e-be9d-352d1d50ec44', 500, 244),
    ('7ba6b771-4c99-446d-899e-1205951ff348', '9e32a9fd-bb3d-4ba5-818a-3e34db1ecabb', '258d0d5a-932b-45f5-99bb-9816cf20ec40', 500, 181),
    ('1206cb9f-2da3-4ec0-b09f-3daafdf3d82d', '9e32a9fd-bb3d-4ba5-818a-3e34db1ecabb', '242ad88b-3c9e-4f59-a93e-3e87a99ad5e5', 500, 373),
    ('d49e48be-6c77-4786-b295-d164cde53584', '9e32a9fd-bb3d-4ba5-818a-3e34db1ecabb', 'd69ee9e8-2755-490f-a11f-4e16bc0d8cf4', 500, 259),
    ('c1652a32-97da-46a4-9241-88bf101d9792', '9e32a9fd-bb3d-4ba5-818a-3e34db1ecabb', '408ccae0-c49d-4535-b608-09e3931a7831', 500, 355),
    ('37de0ac3-ebeb-44d1-87e8-8f6024856a8a', '47c660f4-750f-4131-a693-e4e0b7214e4b', '59c1088e-df7d-4a6e-be9d-352d1d50ec44', 500, 369),
    ('516c5f13-8b85-4f22-85ad-9ffb86b3e946', '47c660f4-750f-4131-a693-e4e0b7214e4b', '258d0d5a-932b-45f5-99bb-9816cf20ec40', 500, 300),
    ('10913814-0373-4887-97f2-c692e4366ccc', '47c660f4-750f-4131-a693-e4e0b7214e4b', '242ad88b-3c9e-4f59-a93e-3e87a99ad5e5', 500, 30),
    ('a0305583-40a4-4c75-8107-76120845c33e', '47c660f4-750f-4131-a693-e4e0b7214e4b', 'd69ee9e8-2755-490f-a11f-4e16bc0d8cf4', 500, 141),
    ('99d92f9c-9d1d-4acc-bdc6-d4671ee60cad', '47c660f4-750f-4131-a693-e4e0b7214e4b', '408ccae0-c49d-4535-b608-09e3931a7831', 500, 266),
    ('c2ece1d4-acbf-4805-aae1-5fd6182f7f3a', '1647c9cd-b511-41af-b89c-74c078455991', '59c1088e-df7d-4a6e-be9d-352d1d50ec44', 500, 397),
    ('cee6155e-9ac6-499b-b966-fe1b36526808', '1647c9cd-b511-41af-b89c-74c078455991', '258d0d5a-932b-45f5-99bb-9816cf20ec40', 500, 165),
    ('c96ae178-5093-479c-8199-d2905ce8d49b', '1647c9cd-b511-41af-b89c-74c078455991', '242ad88b-3c9e-4f59-a93e-3e87a99ad5e5', 500, 120),
    ('3e60beb9-4f9b-4eac-96bb-38a5d074eba4', '1647c9cd-b511-41af-b89c-74c078455991', 'd69ee9e8-2755-490f-a11f-4e16bc0d8cf4', 500, 96),
    ('34e103ca-15f8-4a16-a0e9-bcaf184e2685', '1647c9cd-b511-41af-b89c-74c078455991', '408ccae0-c49d-4535-b608-09e3931a7831', 500, 313),
    ('4f028ab9-8016-43fa-8009-274742ea5c4a', 'ae20408f-2efd-4553-aca4-4c0ddecdddde', '59c1088e-df7d-4a6e-be9d-352d1d50ec44', 500, 52),
    ('7ae48355-4bce-400a-86cb-bf8ef4a77347', 'ae20408f-2efd-4553-aca4-4c0ddecdddde', '258d0d5a-932b-45f5-99bb-9816cf20ec40', 500, 20),
    ('c59219b3-d4e9-412a-a00d-94a59219ebf3', 'ae20408f-2efd-4553-aca4-4c0ddecdddde', '242ad88b-3c9e-4f59-a93e-3e87a99ad5e5', 500, 300),
    ('1d324bfb-1eed-43b3-aba3-42652256c5f8', 'ae20408f-2efd-4553-aca4-4c0ddecdddde', 'd69ee9e8-2755-490f-a11f-4e16bc0d8cf4', 500, 278),
    ('11563251-8c8a-4526-a168-8d3ea6eec763', 'ae20408f-2efd-4553-aca4-4c0ddecdddde', '408ccae0-c49d-4535-b608-09e3931a7831', 500, 290),
    ('0915ccca-dc2a-44f3-9d8d-cab024ce961d', 'af1e51ac-4c1c-4b7e-83e9-c260a8492d5b', '59c1088e-df7d-4a6e-be9d-352d1d50ec44', 500, 262),
    ('4332d841-9cb1-4401-9a02-a618f9839367', 'af1e51ac-4c1c-4b7e-83e9-c260a8492d5b', '258d0d5a-932b-45f5-99bb-9816cf20ec40', 500, 134),
    ('24884051-01dd-4ce4-a5b7-eb175e30ebf9', 'af1e51ac-4c1c-4b7e-83e9-c260a8492d5b', '242ad88b-3c9e-4f59-a93e-3e87a99ad5e5', 500, 84),
    ('2b0a27f2-d6d8-4c98-88a0-e79489af4d20', 'af1e51ac-4c1c-4b7e-83e9-c260a8492d5b', 'd69ee9e8-2755-490f-a11f-4e16bc0d8cf4', 500, 361),
    ('c53e5c19-77ab-42f0-a300-8bb1f7c78089', 'af1e51ac-4c1c-4b7e-83e9-c260a8492d5b', '408ccae0-c49d-4535-b608-09e3931a7831', 500, 494),
    ('d0689d69-308a-4c0a-b4c9-c0ced124acc5', '4275d880-cee8-409d-a527-282bec12137a', '59c1088e-df7d-4a6e-be9d-352d1d50ec44', 500, 433),
    ('eea56ce5-9a78-4ad2-8433-75fcf6d17ac5', '4275d880-cee8-409d-a527-282bec12137a', '258d0d5a-932b-45f5-99bb-9816cf20ec40', 500, 166),
    ('c96f6e9f-b64e-4df1-9bdf-9f7ae75ea58d', '4275d880-cee8-409d-a527-282bec12137a', '242ad88b-3c9e-4f59-a93e-3e87a99ad5e5', 500, 129),
    ('93a038f1-bc52-456a-a6e7-a60b0a2b3b9d', '4275d880-cee8-409d-a527-282bec12137a', 'd69ee9e8-2755-490f-a11f-4e16bc0d8cf4', 500, 275),
    ('f47534e6-e963-435b-a5e3-8281dfe44892', '4275d880-cee8-409d-a527-282bec12137a', '408ccae0-c49d-4535-b608-09e3931a7831', 500, 188),
    ('8b028a84-abeb-4830-a449-8f3716214644', '9d74d51c-6da7-448d-b6df-37a7a905b26c', '59c1088e-df7d-4a6e-be9d-352d1d50ec44', 500, 466),
    ('30d725c4-d251-48d9-a78e-75747c398a6c', '9d74d51c-6da7-448d-b6df-37a7a905b26c', '258d0d5a-932b-45f5-99bb-9816cf20ec40', 500, 134),
    ('8570c7eb-0293-41c9-8698-658623378757', '9d74d51c-6da7-448d-b6df-37a7a905b26c', '242ad88b-3c9e-4f59-a93e-3e87a99ad5e5', 500, 338),
    ('d39d2069-f777-489d-b466-d2da97a02c77', '9d74d51c-6da7-448d-b6df-37a7a905b26c', 'd69ee9e8-2755-490f-a11f-4e16bc0d8cf4', 500, 159),
    ('e7bff99d-10fd-4eda-adea-bc8467d9fa11', '9d74d51c-6da7-448d-b6df-37a7a905b26c', '408ccae0-c49d-4535-b608-09e3931a7831', 500, 380),
    ('52ce0af0-9aa2-48e0-9ec0-92d2ffad8428', '6425faf2-4afb-4611-a6ef-c020987b266d', '59c1088e-df7d-4a6e-be9d-352d1d50ec44', 500, 418),
    ('3f9a355a-6ba3-4327-9a4f-77be83df831e', '6425faf2-4afb-4611-a6ef-c020987b266d', '258d0d5a-932b-45f5-99bb-9816cf20ec40', 500, 54),
    ('e31256a4-e8dd-4c28-9497-efc90549f87e', '6425faf2-4afb-4611-a6ef-c020987b266d', '242ad88b-3c9e-4f59-a93e-3e87a99ad5e5', 500, 327),
    ('31b56ce4-d177-49ff-bea8-98d76a809d43', '6425faf2-4afb-4611-a6ef-c020987b266d', 'd69ee9e8-2755-490f-a11f-4e16bc0d8cf4', 500, 151),
    ('4a98f08c-0937-43ed-87bc-dd5e8871693d', '6425faf2-4afb-4611-a6ef-c020987b266d', '408ccae0-c49d-4535-b608-09e3931a7831', 500, 163),
    ('1e1609d6-fd15-4266-a0de-1f2711911d94', 'b7713f0b-868a-43fb-8194-01509c36b366', '59c1088e-df7d-4a6e-be9d-352d1d50ec44', 500, 260),
    ('6f21b01e-61d8-4dac-a800-89ba5a59a19a', 'b7713f0b-868a-43fb-8194-01509c36b366', '258d0d5a-932b-45f5-99bb-9816cf20ec40', 500, 103),
    ('918c7bdd-a651-4977-8e3a-012ba6196c81', 'b7713f0b-868a-43fb-8194-01509c36b366', '242ad88b-3c9e-4f59-a93e-3e87a99ad5e5', 500, 7),
    ('813d371a-6576-42a2-bbae-1dc28ebcd1dc', 'b7713f0b-868a-43fb-8194-01509c36b366', 'd69ee9e8-2755-490f-a11f-4e16bc0d8cf4', 500, 37),
    ('4bf0bce8-6b1f-45f6-807e-f88dc78e7a8a', 'b7713f0b-868a-43fb-8194-01509c36b366', '408ccae0-c49d-4535-b608-09e3931a7831', 500, 260),
    ('73168004-8008-4935-94a9-953265f0d0fb', '751ea50a-4bff-4635-beab-0948e0aad19c', '59c1088e-df7d-4a6e-be9d-352d1d50ec44', 500, 251),
    ('4dac41f7-b9fb-47da-aaff-239c6da3c9a1', '751ea50a-4bff-4635-beab-0948e0aad19c', '258d0d5a-932b-45f5-99bb-9816cf20ec40', 500, 228),
    ('9d5367a7-8165-4830-81f5-cdf85f062d54', '751ea50a-4bff-4635-beab-0948e0aad19c', '242ad88b-3c9e-4f59-a93e-3e87a99ad5e5', 500, 201),
    ('fe0374ce-0992-4e53-b0e9-b8c274d38fab', '751ea50a-4bff-4635-beab-0948e0aad19c', 'd69ee9e8-2755-490f-a11f-4e16bc0d8cf4', 500, 297),
    ('b8b19942-ad89-41bb-82d4-dcf24d7ad33f', '751ea50a-4bff-4635-beab-0948e0aad19c', '408ccae0-c49d-4535-b608-09e3931a7831', 500, 468),
    ('1d363d9e-470b-4fc1-bd3c-71afb347268b', '24d4cd68-ef3d-4670-899e-580f05efe863', '59c1088e-df7d-4a6e-be9d-352d1d50ec44', 500, 479),
    ('113abe75-3ae3-41f8-beb1-ec49f4c11598', '24d4cd68-ef3d-4670-899e-580f05efe863', '258d0d5a-932b-45f5-99bb-9816cf20ec40', 500, 203),
    ('0eed5230-e28e-45e5-8219-9c18bb4e73de', '24d4cd68-ef3d-4670-899e-580f05efe863', '242ad88b-3c9e-4f59-a93e-3e87a99ad5e5', 500, 203),
    ('98f9c359-dba5-43e6-82f9-bd5eb676c7b1', '24d4cd68-ef3d-4670-899e-580f05efe863', 'd69ee9e8-2755-490f-a11f-4e16bc0d8cf4', 500, 90),
    ('818fe7aa-3faa-40e5-b65b-7b79fc2d0813', '24d4cd68-ef3d-4670-899e-580f05efe863', '408ccae0-c49d-4535-b608-09e3931a7831', 500, 403),
    ('3dc49827-0e93-4261-90eb-cbc5e8ad2eb8', 'c0e1980b-79c0-446a-a1e4-09b5a8376b0e', '59c1088e-df7d-4a6e-be9d-352d1d50ec44', 500, 457),
    ('57e2044b-9828-4c36-a2f6-3fcf505da88e', 'c0e1980b-79c0-446a-a1e4-09b5a8376b0e', '258d0d5a-932b-45f5-99bb-9816cf20ec40', 500, 96),
    ('971f4a63-50d6-49d1-b219-662cbee422bb', 'c0e1980b-79c0-446a-a1e4-09b5a8376b0e', '242ad88b-3c9e-4f59-a93e-3e87a99ad5e5', 500, 88),
    ('f2930a65-0e8a-4626-8562-a674e27e373d', 'c0e1980b-79c0-446a-a1e4-09b5a8376b0e', 'd69ee9e8-2755-490f-a11f-4e16bc0d8cf4', 500, 165),
    ('c11bff51-01a6-44de-b6e1-b74ad24ad962', 'c0e1980b-79c0-446a-a1e4-09b5a8376b0e', '408ccae0-c49d-4535-b608-09e3931a7831', 500, 176),
    ('0e3fc020-97c0-4076-83b3-3ace64d4984d', '2b90002e-6fa5-4285-9758-399891bb9093', '59c1088e-df7d-4a6e-be9d-352d1d50ec44', 500, 483),
    ('5d3f0efd-20fd-4b0f-964c-4181752257a6', '2b90002e-6fa5-4285-9758-399891bb9093', '258d0d5a-932b-45f5-99bb-9816cf20ec40', 500, 346),
    ('26704e3d-69ff-4bb7-b947-c64567be1cb4', '2b90002e-6fa5-4285-9758-399891bb9093', '242ad88b-3c9e-4f59-a93e-3e87a99ad5e5', 500, 216),
    ('dd801789-e654-45a8-9f79-0953e258e869', '2b90002e-6fa5-4285-9758-399891bb9093', 'd69ee9e8-2755-490f-a11f-4e16bc0d8cf4', 500, 368),
    ('4c90f107-61eb-4624-a7fc-1f8ff41e649c', '2b90002e-6fa5-4285-9758-399891bb9093', '408ccae0-c49d-4535-b608-09e3931a7831', 500, 183),
    ('cec02cd2-d268-43db-9dbb-dde203666f17', 'f5c2039d-e8fb-47a0-a4b7-aeb3fc042c90', '59c1088e-df7d-4a6e-be9d-352d1d50ec44', 500, 114),
    ('6eb386e5-b382-4d45-a726-da17f34bc6d7', 'f5c2039d-e8fb-47a0-a4b7-aeb3fc042c90', '258d0d5a-932b-45f5-99bb-9816cf20ec40', 500, 146),
    ('6c193cd9-3736-4112-bb10-3a0e9bdf7fb7', 'f5c2039d-e8fb-47a0-a4b7-aeb3fc042c90', '242ad88b-3c9e-4f59-a93e-3e87a99ad5e5', 500, 220),
    ('d0050587-602e-45c0-9a33-717678c915f7', 'f5c2039d-e8fb-47a0-a4b7-aeb3fc042c90', 'd69ee9e8-2755-490f-a11f-4e16bc0d8cf4', 500, 374),
    ('56257c5a-5e5d-4e6b-9533-72b1c147c38d', 'f5c2039d-e8fb-47a0-a4b7-aeb3fc042c90', '408ccae0-c49d-4535-b608-09e3931a7831', 500, 471),
    ('052ae4a3-c312-45ec-a661-b5204f6bb9d2', '3d55ba2f-64d6-43bf-b218-576da4517238', '59c1088e-df7d-4a6e-be9d-352d1d50ec44', 500, 356),
    ('427dba26-f1b4-4218-9a2a-4041068735ed', '3d55ba2f-64d6-43bf-b218-576da4517238', '258d0d5a-932b-45f5-99bb-9816cf20ec40', 500, 422),
    ('0736d61e-8426-4fd2-9fe7-8bdf9211ad3e', '3d55ba2f-64d6-43bf-b218-576da4517238', '242ad88b-3c9e-4f59-a93e-3e87a99ad5e5', 500, 218),
    ('963d44a6-3a00-47cd-b859-0b53f3b19090', '3d55ba2f-64d6-43bf-b218-576da4517238', 'd69ee9e8-2755-490f-a11f-4e16bc0d8cf4', 500, 126),
    ('e767b6e9-384b-4919-b119-7dec3444c818', '3d55ba2f-64d6-43bf-b218-576da4517238', '408ccae0-c49d-4535-b608-09e3931a7831', 500, 394),
    ('4ac377fb-b050-4d05-8387-ae99b4e26cac', 'adec6f44-7c44-4d93-8081-2ab8ae4d81ba', '59c1088e-df7d-4a6e-be9d-352d1d50ec44', 500, 95),
    ('a9adaf0a-3d15-45ba-a78f-fd80cee600d1', 'adec6f44-7c44-4d93-8081-2ab8ae4d81ba', '258d0d5a-932b-45f5-99bb-9816cf20ec40', 500, 36),
    ('a1a19775-759f-4791-8297-818ba29d9f2b', 'adec6f44-7c44-4d93-8081-2ab8ae4d81ba', '242ad88b-3c9e-4f59-a93e-3e87a99ad5e5', 500, 416),
    ('091df745-d471-49cb-989b-27bd650a815f', 'adec6f44-7c44-4d93-8081-2ab8ae4d81ba', 'd69ee9e8-2755-490f-a11f-4e16bc0d8cf4', 500, 12),
    ('2e2288bf-8fd8-4cb3-8cd9-909bc0140c51', 'adec6f44-7c44-4d93-8081-2ab8ae4d81ba', '408ccae0-c49d-4535-b608-09e3931a7831', 500, 167),
    ('a985a5bb-3c8e-4376-b44c-7af3d16d0b4a', 'e817eea3-4106-4804-8a3b-2684211a72ed', '59c1088e-df7d-4a6e-be9d-352d1d50ec44', 500, 237),
    ('3f11c6f5-968a-4cdc-947a-4e09c789c59c', 'e817eea3-4106-4804-8a3b-2684211a72ed', '258d0d5a-932b-45f5-99bb-9816cf20ec40', 500, 33),
    ('0250c56e-0b07-4b44-95e6-1a2f0367f735', 'e817eea3-4106-4804-8a3b-2684211a72ed', '242ad88b-3c9e-4f59-a93e-3e87a99ad5e5', 500, 329),
    ('eb28af0d-ee7a-408c-b66b-5acb629f2b9e', 'e817eea3-4106-4804-8a3b-2684211a72ed', 'd69ee9e8-2755-490f-a11f-4e16bc0d8cf4', 500, 9),
    ('adb20118-846b-4572-b99f-568f482b73ae', 'e817eea3-4106-4804-8a3b-2684211a72ed', '408ccae0-c49d-4535-b608-09e3931a7831', 500, 297),
    ('56ee17ba-a09c-444b-9161-9b689a7c4f45', '022c1e0a-b5f3-4631-8a48-f05efe791fa9', '59c1088e-df7d-4a6e-be9d-352d1d50ec44', 500, 367),
    ('82553035-e272-4ee8-89d2-a30a3d1067f2', '022c1e0a-b5f3-4631-8a48-f05efe791fa9', '258d0d5a-932b-45f5-99bb-9816cf20ec40', 500, 160),
    ('3d0915ff-ebf1-4279-a59e-476df5780c1b', '022c1e0a-b5f3-4631-8a48-f05efe791fa9', '242ad88b-3c9e-4f59-a93e-3e87a99ad5e5', 500, 456),
    ('74b6a40b-d555-4372-a9f2-2e17c294ee55', '022c1e0a-b5f3-4631-8a48-f05efe791fa9', 'd69ee9e8-2755-490f-a11f-4e16bc0d8cf4', 500, 193),
    ('56e70dd9-e037-4a53-ba5a-a794675a739a', '022c1e0a-b5f3-4631-8a48-f05efe791fa9', '408ccae0-c49d-4535-b608-09e3931a7831', 500, 427),
    ('f05a3aa7-955e-4cfe-b17b-6bc0edc8bc35', '8f4c4b5a-930f-46ea-827a-a7bc2b901cea', '59c1088e-df7d-4a6e-be9d-352d1d50ec44', 500, 17),
    ('ff6ce3ca-fa27-4980-bcfa-b8762db80006', '8f4c4b5a-930f-46ea-827a-a7bc2b901cea', '258d0d5a-932b-45f5-99bb-9816cf20ec40', 500, 318),
    ('8884e1bf-962c-49a6-ac17-167bd4e5a60a', '8f4c4b5a-930f-46ea-827a-a7bc2b901cea', '242ad88b-3c9e-4f59-a93e-3e87a99ad5e5', 500, 498),
    ('718f34b8-ed7e-4486-a920-3f8d7062e500', '8f4c4b5a-930f-46ea-827a-a7bc2b901cea', 'd69ee9e8-2755-490f-a11f-4e16bc0d8cf4', 500, 405),
    ('347e0b2b-147f-46a2-94b6-e69ce0f69779', '8f4c4b5a-930f-46ea-827a-a7bc2b901cea', '408ccae0-c49d-4535-b608-09e3931a7831', 500, 118),
    ('e0d69560-927d-4c2c-9bfe-32ac7d5e5bae', '5f305c6b-e753-400e-8720-155fb63808c7', '59c1088e-df7d-4a6e-be9d-352d1d50ec44', 500, 341),
    ('339da4e4-f7f7-4684-94c0-2c95431fe765', '5f305c6b-e753-400e-8720-155fb63808c7', '258d0d5a-932b-45f5-99bb-9816cf20ec40', 500, 220),
    ('8c533050-5daa-42c5-a463-3893907556f2', '5f305c6b-e753-400e-8720-155fb63808c7', '242ad88b-3c9e-4f59-a93e-3e87a99ad5e5', 500, 484),
    ('874f6e67-b881-4952-840a-c910eb0f3acf', '5f305c6b-e753-400e-8720-155fb63808c7', 'd69ee9e8-2755-490f-a11f-4e16bc0d8cf4', 500, 54),
    ('3d0a4469-7d3d-4931-9921-23c0b5c314b4', '5f305c6b-e753-400e-8720-155fb63808c7', '408ccae0-c49d-4535-b608-09e3931a7831', 500, 69),
    ('cfe26e74-380f-4e78-aaf9-4f61397ba609', '7eb92e36-cf48-4d31-ba90-fbbdc0ffd93b', '59c1088e-df7d-4a6e-be9d-352d1d50ec44', 500, 178),
    ('7a3619cf-7524-4c85-9f44-0e85f7367d5c', '7eb92e36-cf48-4d31-ba90-fbbdc0ffd93b', '258d0d5a-932b-45f5-99bb-9816cf20ec40', 500, 264),
    ('85fd2854-fc29-4edf-98d8-fbcd08119490', '7eb92e36-cf48-4d31-ba90-fbbdc0ffd93b', '242ad88b-3c9e-4f59-a93e-3e87a99ad5e5', 500, 355),
    ('f267f871-89d1-41c1-abc4-45e6921cb353', '7eb92e36-cf48-4d31-ba90-fbbdc0ffd93b', 'd69ee9e8-2755-490f-a11f-4e16bc0d8cf4', 500, 312),
    ('6b3b449f-f67b-4cd6-830d-42e45f23400c', '7eb92e36-cf48-4d31-ba90-fbbdc0ffd93b', '408ccae0-c49d-4535-b608-09e3931a7831', 500, 112),
    ('eab21c7f-8393-4ced-ae66-2cbc7aa89ac4', '9b3136d5-dbb5-40ed-8dc5-decc77f0bb5b', '59c1088e-df7d-4a6e-be9d-352d1d50ec44', 500, 199),
    ('4af2fe71-767a-46f8-bee1-7e7eaf5579a7', '9b3136d5-dbb5-40ed-8dc5-decc77f0bb5b', '258d0d5a-932b-45f5-99bb-9816cf20ec40', 500, 408),
    ('b7a0c0b2-6a69-4a1b-b530-6a6afcd36dba', '9b3136d5-dbb5-40ed-8dc5-decc77f0bb5b', '242ad88b-3c9e-4f59-a93e-3e87a99ad5e5', 500, 445),
    ('42a3107a-3ee1-4d50-9b5b-a7858d948e38', '9b3136d5-dbb5-40ed-8dc5-decc77f0bb5b', 'd69ee9e8-2755-490f-a11f-4e16bc0d8cf4', 500, 296),
    ('3087b85b-2193-4daf-98e5-84f8e26cb138', '9b3136d5-dbb5-40ed-8dc5-decc77f0bb5b', '408ccae0-c49d-4535-b608-09e3931a7831', 500, 7),
    ('02df84d9-45a1-464c-ac6d-6cf1a9848378', 'e16791f6-33e2-4be8-991a-ec264d9001a8', '59c1088e-df7d-4a6e-be9d-352d1d50ec44', 500, 226),
    ('d2dad552-55c0-4510-980f-b338b9610c0d', 'e16791f6-33e2-4be8-991a-ec264d9001a8', '258d0d5a-932b-45f5-99bb-9816cf20ec40', 500, 204),
    ('f1e6dea4-58af-41ee-9a12-55df5a415497', 'e16791f6-33e2-4be8-991a-ec264d9001a8', '242ad88b-3c9e-4f59-a93e-3e87a99ad5e5', 500, 354),
    ('1a95a367-fae9-48d8-8983-c9deb4f428bc', 'e16791f6-33e2-4be8-991a-ec264d9001a8', 'd69ee9e8-2755-490f-a11f-4e16bc0d8cf4', 500, 290),
    ('f920c120-ca69-4255-848c-bb6830ea77c9', 'e16791f6-33e2-4be8-991a-ec264d9001a8', '408ccae0-c49d-4535-b608-09e3931a7831', 500, 493),
    ('51f42c5f-aefd-4f4b-88f0-33477a69d592', 'fcaac333-25e5-460a-8918-73c07b548f9a', '59c1088e-df7d-4a6e-be9d-352d1d50ec44', 500, 405),
    ('20e0a3cc-9dc2-4604-9a9b-9270559dfb47', 'fcaac333-25e5-460a-8918-73c07b548f9a', '258d0d5a-932b-45f5-99bb-9816cf20ec40', 500, 264),
    ('970475ca-a502-4fb2-89b7-2cfe9094e6cd', 'fcaac333-25e5-460a-8918-73c07b548f9a', '242ad88b-3c9e-4f59-a93e-3e87a99ad5e5', 500, 37),
    ('8d7f53e5-e206-49a1-a0af-8dff155a39bf', 'fcaac333-25e5-460a-8918-73c07b548f9a', 'd69ee9e8-2755-490f-a11f-4e16bc0d8cf4', 500, 110),
    ('d053585d-dedd-4c5b-8441-a7d8f0975cc6', 'fcaac333-25e5-460a-8918-73c07b548f9a', '408ccae0-c49d-4535-b608-09e3931a7831', 500, 36),
    ('c45d380e-657e-4099-8605-77c68d16e8be', 'c5af1d34-e196-43c4-859f-40e2ce0b0ebf', '59c1088e-df7d-4a6e-be9d-352d1d50ec44', 500, 224),
    ('b2c6ee25-3c42-44dc-aef3-303a9e456a2a', 'c5af1d34-e196-43c4-859f-40e2ce0b0ebf', '258d0d5a-932b-45f5-99bb-9816cf20ec40', 500, 207),
    ('083eea4e-1de8-4b75-98c1-64e9202e4176', 'c5af1d34-e196-43c4-859f-40e2ce0b0ebf', '242ad88b-3c9e-4f59-a93e-3e87a99ad5e5', 500, 255),
    ('b5349b5b-c2b0-4874-ad4e-2c58832636a6', 'c5af1d34-e196-43c4-859f-40e2ce0b0ebf', 'd69ee9e8-2755-490f-a11f-4e16bc0d8cf4', 500, 69),
    ('cfa9da84-4162-42ea-9746-bee54667c656', 'c5af1d34-e196-43c4-859f-40e2ce0b0ebf', '408ccae0-c49d-4535-b608-09e3931a7831', 500, 216),
    ('16048f92-a54b-4b5c-a207-8d86193e9ba2', 'd71af46f-1591-4f08-97b6-84e1664b6e08', '59c1088e-df7d-4a6e-be9d-352d1d50ec44', 500, 184),
    ('7d9bcb50-3dfc-45a4-b16f-3583a67187e3', 'd71af46f-1591-4f08-97b6-84e1664b6e08', '258d0d5a-932b-45f5-99bb-9816cf20ec40', 500, 204),
    ('80e8f2bb-d968-4af7-a203-74cdd2c2c22a', 'd71af46f-1591-4f08-97b6-84e1664b6e08', '242ad88b-3c9e-4f59-a93e-3e87a99ad5e5', 500, 47),
    ('6089dfe5-f245-44f1-b313-486bbb550943', 'd71af46f-1591-4f08-97b6-84e1664b6e08', 'd69ee9e8-2755-490f-a11f-4e16bc0d8cf4', 500, 313),
    ('dc8c42c0-60b7-4b7e-954a-28fc409720ff', 'd71af46f-1591-4f08-97b6-84e1664b6e08', '408ccae0-c49d-4535-b608-09e3931a7831', 500, 494),
    ('a94628a8-593b-4559-b129-161d2e06d4cf', '000f2bf2-2cc2-44fe-879d-9c48472ae199', '59c1088e-df7d-4a6e-be9d-352d1d50ec44', 500, 82),
    ('1a254e25-9be2-45b7-a1cd-f38e31ed287c', '000f2bf2-2cc2-44fe-879d-9c48472ae199', '258d0d5a-932b-45f5-99bb-9816cf20ec40', 500, 131),
    ('b7d49693-2762-4462-a403-5c1858adf1ce', '000f2bf2-2cc2-44fe-879d-9c48472ae199', '242ad88b-3c9e-4f59-a93e-3e87a99ad5e5', 500, 410),
    ('676274a8-934d-4212-8563-f8c5338c6558', '000f2bf2-2cc2-44fe-879d-9c48472ae199', 'd69ee9e8-2755-490f-a11f-4e16bc0d8cf4', 500, 11),
    ('55a9de88-66e0-4d20-8c15-b45dfbac4165', '000f2bf2-2cc2-44fe-879d-9c48472ae199', '408ccae0-c49d-4535-b608-09e3931a7831', 500, 265),
    ('fd6f6167-6245-4bd6-98ca-ccbe90ea7a69', 'f6825635-5353-46b1-b2ab-3483b15a2c21', '59c1088e-df7d-4a6e-be9d-352d1d50ec44', 500, 258),
    ('6fde573e-ae9a-4a20-81c4-e784ad9552b2', 'f6825635-5353-46b1-b2ab-3483b15a2c21', '258d0d5a-932b-45f5-99bb-9816cf20ec40', 500, 438),
    ('5cd15af7-d08e-4b3b-87be-69be7b9f545e', 'f6825635-5353-46b1-b2ab-3483b15a2c21', '242ad88b-3c9e-4f59-a93e-3e87a99ad5e5', 500, 192),
    ('0e86ce0e-ebf9-45f1-a41d-d13d3cb50d0e', 'f6825635-5353-46b1-b2ab-3483b15a2c21', 'd69ee9e8-2755-490f-a11f-4e16bc0d8cf4', 500, 121),
    ('89b1a904-54df-49ee-86c5-a93401904ca9', 'f6825635-5353-46b1-b2ab-3483b15a2c21', '408ccae0-c49d-4535-b608-09e3931a7831', 500, 228),
    ('8fb45e26-bfe7-4ed5-8e52-09f74132676f', 'db5771d6-890e-453a-be2f-7a450d20db70', '59c1088e-df7d-4a6e-be9d-352d1d50ec44', 500, 349),
    ('34f46868-3555-4d83-b8e0-f989df311ee6', 'db5771d6-890e-453a-be2f-7a450d20db70', '258d0d5a-932b-45f5-99bb-9816cf20ec40', 500, 420),
    ('5d79ce1c-0f46-4b7e-a07f-d70237912ce3', 'db5771d6-890e-453a-be2f-7a450d20db70', '242ad88b-3c9e-4f59-a93e-3e87a99ad5e5', 500, 311),
    ('76eae268-8beb-40b6-b34f-7da264453285', 'db5771d6-890e-453a-be2f-7a450d20db70', 'd69ee9e8-2755-490f-a11f-4e16bc0d8cf4', 500, 276),
    ('2dfd9c6f-7069-40de-862e-0d2cadf60e64', 'db5771d6-890e-453a-be2f-7a450d20db70', '408ccae0-c49d-4535-b608-09e3931a7831', 500, 31),
    ('1b6f3ae7-a473-4a11-96a3-cf2a39b3883e', 'ff51ad89-8d35-4207-97e4-e7f31510e529', '59c1088e-df7d-4a6e-be9d-352d1d50ec44', 500, 319),
    ('b57d8d81-66e4-40ba-b26a-c804fb87dda0', 'ff51ad89-8d35-4207-97e4-e7f31510e529', '258d0d5a-932b-45f5-99bb-9816cf20ec40', 500, 461),
    ('6ec64e7d-a1e7-4396-82b6-0b75315357fe', 'ff51ad89-8d35-4207-97e4-e7f31510e529', '242ad88b-3c9e-4f59-a93e-3e87a99ad5e5', 500, 234),
    ('625800cd-01f0-434c-8bcf-69d1c6385f2d', 'ff51ad89-8d35-4207-97e4-e7f31510e529', 'd69ee9e8-2755-490f-a11f-4e16bc0d8cf4', 500, 357),
    ('7cfef332-c6f0-49be-bdeb-4b791816a521', 'ff51ad89-8d35-4207-97e4-e7f31510e529', '408ccae0-c49d-4535-b608-09e3931a7831', 500, 352),
    ('d59b2f01-ce32-4ae2-891b-9c9515135738', 'f63848a1-4c26-4047-8917-54a71b92b600', '59c1088e-df7d-4a6e-be9d-352d1d50ec44', 500, 409),
    ('1eb52df7-746a-4963-8f5d-89e49c899042', 'f63848a1-4c26-4047-8917-54a71b92b600', '258d0d5a-932b-45f5-99bb-9816cf20ec40', 500, 130),
    ('8dc9abdf-676a-429a-bb2e-dcdb95ff5e7e', 'f63848a1-4c26-4047-8917-54a71b92b600', '242ad88b-3c9e-4f59-a93e-3e87a99ad5e5', 500, 472),
    ('e84d173f-b52f-490f-b75e-45727aaa61ab', 'f63848a1-4c26-4047-8917-54a71b92b600', 'd69ee9e8-2755-490f-a11f-4e16bc0d8cf4', 500, 183),
    ('5d1ce1df-589b-4f38-8739-c9ceeecdb875', 'f63848a1-4c26-4047-8917-54a71b92b600', '408ccae0-c49d-4535-b608-09e3931a7831', 500, 250),
    ('9784c2c0-a006-4b76-bf7a-caf5c1080ef0', '92342ecd-e05b-4b67-b5dc-ca5b953a6809', '59c1088e-df7d-4a6e-be9d-352d1d50ec44', 500, 58),
    ('fab1401d-e468-4d6b-ad9e-dec0671a6e8c', '92342ecd-e05b-4b67-b5dc-ca5b953a6809', '258d0d5a-932b-45f5-99bb-9816cf20ec40', 500, 126),
    ('3c334618-05be-4733-bc32-c6084fc4560c', '92342ecd-e05b-4b67-b5dc-ca5b953a6809', '242ad88b-3c9e-4f59-a93e-3e87a99ad5e5', 500, 329),
    ('df094bcc-2742-4d3b-b8da-6d3714a0805d', '92342ecd-e05b-4b67-b5dc-ca5b953a6809', 'd69ee9e8-2755-490f-a11f-4e16bc0d8cf4', 500, 76),
    ('87a70f21-2309-496a-8a66-8df0a1623acb', '92342ecd-e05b-4b67-b5dc-ca5b953a6809', '408ccae0-c49d-4535-b608-09e3931a7831', 500, 287),
    ('25bae662-6321-4a5e-965b-57130143e49b', '1b3fa1f5-318d-4c92-a523-81d3977dbff4', '59c1088e-df7d-4a6e-be9d-352d1d50ec44', 500, 446),
    ('eb46e852-d7f4-4441-8a77-52cca461672b', '1b3fa1f5-318d-4c92-a523-81d3977dbff4', '258d0d5a-932b-45f5-99bb-9816cf20ec40', 500, 225),
    ('1c198c4a-c9ac-4523-a05b-6c0ae36cf7cb', '1b3fa1f5-318d-4c92-a523-81d3977dbff4', '242ad88b-3c9e-4f59-a93e-3e87a99ad5e5', 500, 267),
    ('1c781ee0-d39e-4280-99d4-3d86cdb65157', '1b3fa1f5-318d-4c92-a523-81d3977dbff4', 'd69ee9e8-2755-490f-a11f-4e16bc0d8cf4', 500, 384),
    ('9472d127-397a-4055-bc93-8d6c1730cc05', '1b3fa1f5-318d-4c92-a523-81d3977dbff4', '408ccae0-c49d-4535-b608-09e3931a7831', 500, 491),
    ('e29041dc-a884-4047-8885-534159b1861d', '0a6ac80c-4c79-4711-a7d5-a5cf61a463b9', '59c1088e-df7d-4a6e-be9d-352d1d50ec44', 500, 380),
    ('5c86c096-eba8-496d-8b0d-bb680ac21740', '0a6ac80c-4c79-4711-a7d5-a5cf61a463b9', '258d0d5a-932b-45f5-99bb-9816cf20ec40', 500, 467),
    ('eff0644d-122c-4c19-9dd1-17302af83d1d', '0a6ac80c-4c79-4711-a7d5-a5cf61a463b9', '242ad88b-3c9e-4f59-a93e-3e87a99ad5e5', 500, 305),
    ('ddc54be2-c180-417c-9fe5-cb4b512517a5', '0a6ac80c-4c79-4711-a7d5-a5cf61a463b9', 'd69ee9e8-2755-490f-a11f-4e16bc0d8cf4', 500, 203),
    ('10e3f5d7-60d2-49f3-bd7d-dddadac92607', '0a6ac80c-4c79-4711-a7d5-a5cf61a463b9', '408ccae0-c49d-4535-b608-09e3931a7831', 500, 409),
    ('420400a8-1abe-450b-8bc1-b511a982b51c', '52924cc1-db72-46f0-8599-9bacc38b8017', '59c1088e-df7d-4a6e-be9d-352d1d50ec44', 500, 192),
    ('9c366f1b-01de-47fe-9aa7-24b6c73619af', '52924cc1-db72-46f0-8599-9bacc38b8017', '258d0d5a-932b-45f5-99bb-9816cf20ec40', 500, 467),
    ('e1f367dc-0470-4b23-a60f-92c77fa61e01', '52924cc1-db72-46f0-8599-9bacc38b8017', '242ad88b-3c9e-4f59-a93e-3e87a99ad5e5', 500, 303),
    ('463087d3-39ef-4e7e-8aa2-39eeeab5a057', '52924cc1-db72-46f0-8599-9bacc38b8017', 'd69ee9e8-2755-490f-a11f-4e16bc0d8cf4', 500, 64),
    ('886db6cc-8a16-4de6-b96d-a3728e99d0c3', '52924cc1-db72-46f0-8599-9bacc38b8017', '408ccae0-c49d-4535-b608-09e3931a7831', 500, 435),
    ('31d42f4b-a5bc-4841-8796-2a2a93cca74a', 'd9f69c50-c600-42c0-a166-2bc5c7a76883', '59c1088e-df7d-4a6e-be9d-352d1d50ec44', 500, 406),
    ('11b51e35-665c-4614-ba36-2bb2551c144e', 'd9f69c50-c600-42c0-a166-2bc5c7a76883', '258d0d5a-932b-45f5-99bb-9816cf20ec40', 500, 398),
    ('2b7a5426-629f-4cc9-b424-ff5a90eb9494', 'd9f69c50-c600-42c0-a166-2bc5c7a76883', '242ad88b-3c9e-4f59-a93e-3e87a99ad5e5', 500, 492),
    ('d5719c89-0e43-4a9c-88ba-dee16eae868e', 'd9f69c50-c600-42c0-a166-2bc5c7a76883', 'd69ee9e8-2755-490f-a11f-4e16bc0d8cf4', 500, 424),
    ('17b4e6ee-c058-47a3-a6f5-6c98501bef0e', 'd9f69c50-c600-42c0-a166-2bc5c7a76883', '408ccae0-c49d-4535-b608-09e3931a7831', 500, 476),
    ('d0954e7d-5fb5-40ed-9c8a-0b0569383426', '1774d521-ba4c-4dec-9145-1838349e5952', '59c1088e-df7d-4a6e-be9d-352d1d50ec44', 500, 231),
    ('9f15ff69-50ba-4489-8292-9a0ff0c187af', '1774d521-ba4c-4dec-9145-1838349e5952', '258d0d5a-932b-45f5-99bb-9816cf20ec40', 500, 292),
    ('fc7292f6-1c07-4012-a192-50dcb89e195e', '1774d521-ba4c-4dec-9145-1838349e5952', '242ad88b-3c9e-4f59-a93e-3e87a99ad5e5', 500, 143),
    ('44e1aad1-79ef-4415-a55a-3fa9f9cf7624', '1774d521-ba4c-4dec-9145-1838349e5952', 'd69ee9e8-2755-490f-a11f-4e16bc0d8cf4', 500, 317),
    ('8dcbb5d7-3d48-4a30-a378-eb4e6a6d66cb', '1774d521-ba4c-4dec-9145-1838349e5952', '408ccae0-c49d-4535-b608-09e3931a7831', 500, 307),
    ('758627cc-a1bf-4085-aff8-792a37a1031a', '7c3728d0-dced-4ab8-8e6d-95991ed67d71', '59c1088e-df7d-4a6e-be9d-352d1d50ec44', 500, 343),
    ('6427891f-0f8f-4280-8023-bb1957e46631', '7c3728d0-dced-4ab8-8e6d-95991ed67d71', '258d0d5a-932b-45f5-99bb-9816cf20ec40', 500, 181),
    ('06ba93ea-b23b-450a-88c0-7898e175c835', '7c3728d0-dced-4ab8-8e6d-95991ed67d71', '242ad88b-3c9e-4f59-a93e-3e87a99ad5e5', 500, 97),
    ('706abf85-c884-4f9d-8610-76ddcc40ea29', '7c3728d0-dced-4ab8-8e6d-95991ed67d71', 'd69ee9e8-2755-490f-a11f-4e16bc0d8cf4', 500, 208),
    ('1caa6ebc-5265-430c-b9a1-4807f238af3b', '7c3728d0-dced-4ab8-8e6d-95991ed67d71', '408ccae0-c49d-4535-b608-09e3931a7831', 500, 232),
    ('724e1a0d-0465-49eb-92d0-856b42054435', '81f8e5e9-444f-4df1-82d6-a83350f097dc', '59c1088e-df7d-4a6e-be9d-352d1d50ec44', 500, 261),
    ('c4e41103-2d5c-4411-b470-d91763db7168', '81f8e5e9-444f-4df1-82d6-a83350f097dc', '258d0d5a-932b-45f5-99bb-9816cf20ec40', 500, 389),
    ('b42ef0c1-114b-4af0-97b3-7e61f3d36ae3', '81f8e5e9-444f-4df1-82d6-a83350f097dc', '242ad88b-3c9e-4f59-a93e-3e87a99ad5e5', 500, 135),
    ('0c1331e9-2f21-4ad5-b5b0-f01dae5232ca', '81f8e5e9-444f-4df1-82d6-a83350f097dc', 'd69ee9e8-2755-490f-a11f-4e16bc0d8cf4', 500, 81),
    ('42a8ad0a-9d45-4492-bc0a-d4dc5d5d49d2', '81f8e5e9-444f-4df1-82d6-a83350f097dc', '408ccae0-c49d-4535-b608-09e3931a7831', 500, 185),
    ('c8dc7b38-006b-46eb-8bf3-1613ed15bbff', '4093484d-f23c-4701-86a0-6188158c6319', '59c1088e-df7d-4a6e-be9d-352d1d50ec44', 500, 164),
    ('fc415dcc-871d-478b-b2bc-9fa2dc400c85', '4093484d-f23c-4701-86a0-6188158c6319', '258d0d5a-932b-45f5-99bb-9816cf20ec40', 500, 184),
    ('55a7fdab-ce5a-4595-81ab-ee1cfff1b69a', '4093484d-f23c-4701-86a0-6188158c6319', '242ad88b-3c9e-4f59-a93e-3e87a99ad5e5', 500, 325),
    ('df8b16ea-0ea0-4815-9333-0a030456be80', '4093484d-f23c-4701-86a0-6188158c6319', 'd69ee9e8-2755-490f-a11f-4e16bc0d8cf4', 500, 339),
    ('1bc33c1a-664e-4bee-b13f-4ec51b0343fe', '4093484d-f23c-4701-86a0-6188158c6319', '408ccae0-c49d-4535-b608-09e3931a7831', 500, 74),
    ('e45413d6-9c42-4731-a4c8-d07d5d698b31', 'cf9624c1-3bf9-4f74-a004-e6d9675e794f', '59c1088e-df7d-4a6e-be9d-352d1d50ec44', 500, 290),
    ('5db1196b-5e40-47f3-87d8-012cea00ff45', 'cf9624c1-3bf9-4f74-a004-e6d9675e794f', '258d0d5a-932b-45f5-99bb-9816cf20ec40', 500, 417),
    ('a23f3920-3325-4f93-91ae-0610098c5a11', 'cf9624c1-3bf9-4f74-a004-e6d9675e794f', '242ad88b-3c9e-4f59-a93e-3e87a99ad5e5', 500, 309),
    ('5262281f-d5f9-47c3-929a-203dd067a417', 'cf9624c1-3bf9-4f74-a004-e6d9675e794f', 'd69ee9e8-2755-490f-a11f-4e16bc0d8cf4', 500, 459),
    ('762559d0-c651-4cb0-b728-70ef9e8edea0', 'cf9624c1-3bf9-4f74-a004-e6d9675e794f', '408ccae0-c49d-4535-b608-09e3931a7831', 500, 316),
    ('f5fe8606-d06c-48ba-8a15-f28839df20d6', '5f900a18-15c5-4307-a9ca-5f4e0c2bc486', '59c1088e-df7d-4a6e-be9d-352d1d50ec44', 500, 482),
    ('6ffd8abb-0d7a-4b26-9bfb-78d71bd2f4e5', '5f900a18-15c5-4307-a9ca-5f4e0c2bc486', '258d0d5a-932b-45f5-99bb-9816cf20ec40', 500, 137),
    ('bf7e5178-f7b7-4c50-9a31-5cd9ac0a1d6f', '5f900a18-15c5-4307-a9ca-5f4e0c2bc486', '242ad88b-3c9e-4f59-a93e-3e87a99ad5e5', 500, 271),
    ('b93921c3-a8c8-411f-8bc3-6e689e6ae7a8', '5f900a18-15c5-4307-a9ca-5f4e0c2bc486', 'd69ee9e8-2755-490f-a11f-4e16bc0d8cf4', 500, 263),
    ('defe7724-a82c-4eac-a7dc-54b5ce7cb3cd', '5f900a18-15c5-4307-a9ca-5f4e0c2bc486', '408ccae0-c49d-4535-b608-09e3931a7831', 500, 346),
    ('e4434fea-e59b-492e-826b-ea815fe63934', '3124203c-17d7-4b28-b6ac-12fa5ff63802', '59c1088e-df7d-4a6e-be9d-352d1d50ec44', 500, 430),
    ('7aaa854a-e41d-4300-9ce2-4950d9702200', '3124203c-17d7-4b28-b6ac-12fa5ff63802', '258d0d5a-932b-45f5-99bb-9816cf20ec40', 500, 77),
    ('cf350e77-2026-440b-ac84-7ff241934b2c', '3124203c-17d7-4b28-b6ac-12fa5ff63802', '242ad88b-3c9e-4f59-a93e-3e87a99ad5e5', 500, 482),
    ('c1f5c228-6ba2-4b16-815c-7da899b2170c', '3124203c-17d7-4b28-b6ac-12fa5ff63802', 'd69ee9e8-2755-490f-a11f-4e16bc0d8cf4', 500, 323),
    ('bb6c8aa2-67b3-4d0b-84f2-31899703eb6e', '3124203c-17d7-4b28-b6ac-12fa5ff63802', '408ccae0-c49d-4535-b608-09e3931a7831', 500, 193),
    ('679147c5-d8b2-4166-8c4c-d248881f4a78', 'b71caab4-b67e-4bdb-a479-2537d6546595', '59c1088e-df7d-4a6e-be9d-352d1d50ec44', 500, 235),
    ('fe79d806-0b20-4dab-86c1-f6245f3ce446', 'b71caab4-b67e-4bdb-a479-2537d6546595', '258d0d5a-932b-45f5-99bb-9816cf20ec40', 500, 397),
    ('de526279-1b01-4c9f-bb0b-32e7330f99e9', 'b71caab4-b67e-4bdb-a479-2537d6546595', '242ad88b-3c9e-4f59-a93e-3e87a99ad5e5', 500, 432),
    ('01521e08-aa20-4a98-9618-6897f4694df4', 'b71caab4-b67e-4bdb-a479-2537d6546595', 'd69ee9e8-2755-490f-a11f-4e16bc0d8cf4', 500, 400),
    ('be3ab59f-ca68-44ac-bf77-9c2988b43984', 'b71caab4-b67e-4bdb-a479-2537d6546595', '408ccae0-c49d-4535-b608-09e3931a7831', 500, 211),
    ('9d34864d-71bb-4495-a702-070c18707ba6', 'd7e6c085-4373-4345-a112-724b98a37809', '59c1088e-df7d-4a6e-be9d-352d1d50ec44', 500, 117),
    ('7798adc6-b4fc-4808-882c-dfda505eed0a', 'd7e6c085-4373-4345-a112-724b98a37809', '258d0d5a-932b-45f5-99bb-9816cf20ec40', 500, 421),
    ('b3cc8372-619b-43b0-b6cb-f38cadb9a99b', 'd7e6c085-4373-4345-a112-724b98a37809', '242ad88b-3c9e-4f59-a93e-3e87a99ad5e5', 500, 127),
    ('f7235b7f-d113-4636-a133-8689bdb323b3', 'd7e6c085-4373-4345-a112-724b98a37809', 'd69ee9e8-2755-490f-a11f-4e16bc0d8cf4', 500, 44),
    ('65e89a30-7491-470a-931a-5a57404d302a', 'd7e6c085-4373-4345-a112-724b98a37809', '408ccae0-c49d-4535-b608-09e3931a7831', 500, 266),
    ('99efad17-e35f-4a71-b5f9-6cb117901d53', '821448bf-ade1-421d-b949-28429f6d1d89', '59c1088e-df7d-4a6e-be9d-352d1d50ec44', 500, 365),
    ('e3eb7b9e-a14e-44b5-a25f-61d2137059ba', '821448bf-ade1-421d-b949-28429f6d1d89', '258d0d5a-932b-45f5-99bb-9816cf20ec40', 500, 402),
    ('4113521b-52dc-481c-9dc1-e113f796e9dc', '821448bf-ade1-421d-b949-28429f6d1d89', '242ad88b-3c9e-4f59-a93e-3e87a99ad5e5', 500, 461),
    ('ac65898e-2e04-4e7f-a725-fc108f3c874a', '821448bf-ade1-421d-b949-28429f6d1d89', 'd69ee9e8-2755-490f-a11f-4e16bc0d8cf4', 500, 219),
    ('8f90567c-d725-4ddd-b364-6a6e92aa9f8c', '821448bf-ade1-421d-b949-28429f6d1d89', '408ccae0-c49d-4535-b608-09e3931a7831', 500, 348),
    ('ac3bf309-2027-4d8d-bb82-70529e1b652b', '48effd09-92a8-4c1e-b9d3-cffdb5287d5e', '59c1088e-df7d-4a6e-be9d-352d1d50ec44', 500, 24),
    ('f41feb83-9bbc-48db-ad92-8f874fb526b2', '48effd09-92a8-4c1e-b9d3-cffdb5287d5e', '258d0d5a-932b-45f5-99bb-9816cf20ec40', 500, 322),
    ('dfb656c1-2db2-4dc0-90e7-d3817980b6fd', '48effd09-92a8-4c1e-b9d3-cffdb5287d5e', '242ad88b-3c9e-4f59-a93e-3e87a99ad5e5', 500, 168),
    ('e585d322-9e7c-4a01-9207-df27183c8df2', '48effd09-92a8-4c1e-b9d3-cffdb5287d5e', 'd69ee9e8-2755-490f-a11f-4e16bc0d8cf4', 500, 61),
    ('a8b48ae1-fd29-4642-af26-1bfe39df87b3', '48effd09-92a8-4c1e-b9d3-cffdb5287d5e', '408ccae0-c49d-4535-b608-09e3931a7831', 500, 78),
    ('5851bf7f-8db5-44fa-8ea7-ffdf4c772877', 'dcfb0871-a499-4c42-a7bb-f4f21730e437', '59c1088e-df7d-4a6e-be9d-352d1d50ec44', 500, 208),
    ('c678cc21-6973-4e2d-a768-c2826b7471f6', 'dcfb0871-a499-4c42-a7bb-f4f21730e437', '258d0d5a-932b-45f5-99bb-9816cf20ec40', 500, 386),
    ('69048381-4805-47a4-b4a6-382cfee6657a', 'dcfb0871-a499-4c42-a7bb-f4f21730e437', '242ad88b-3c9e-4f59-a93e-3e87a99ad5e5', 500, 150),
    ('a1ff7a48-ec63-4beb-9df8-bffc5d254177', 'dcfb0871-a499-4c42-a7bb-f4f21730e437', 'd69ee9e8-2755-490f-a11f-4e16bc0d8cf4', 500, 110),
    ('f1963297-e7b1-476d-a26e-310414daeb58', 'dcfb0871-a499-4c42-a7bb-f4f21730e437', '408ccae0-c49d-4535-b608-09e3931a7831', 500, 67),
    ('c718097d-7c62-4776-b52a-5745f01f082f', '95c1efe6-6cf3-4eda-8215-b55c0eab2571', '59c1088e-df7d-4a6e-be9d-352d1d50ec44', 500, 130),
    ('84dc535c-a165-4dd6-9be2-866802756d8e', '95c1efe6-6cf3-4eda-8215-b55c0eab2571', '258d0d5a-932b-45f5-99bb-9816cf20ec40', 500, 396),
    ('ca530534-7e43-44d4-b3b3-16bed6c0536c', '95c1efe6-6cf3-4eda-8215-b55c0eab2571', '242ad88b-3c9e-4f59-a93e-3e87a99ad5e5', 500, 80),
    ('2f577726-7001-4d7c-9870-78bc8892d91a', '95c1efe6-6cf3-4eda-8215-b55c0eab2571', 'd69ee9e8-2755-490f-a11f-4e16bc0d8cf4', 500, 375),
    ('5939b334-94d2-4536-a440-ad9ef6939c7d', '95c1efe6-6cf3-4eda-8215-b55c0eab2571', '408ccae0-c49d-4535-b608-09e3931a7831', 500, 158);